time,open,high,low,close,Up Marker,Down Marker
2024-10-31 21:00:00+00:00,19082.5,19131.4,19073.0,19081.0,0,0
2024-11-01 01:00:00+00:00,19081.0,19090.5,19043.0,19072.5,0,0
2024-11-01 05:00:00+00:00,19072.5,19154.0,19054.0,19135.0,0,0
2024-11-01 09:00:00+00:00,19135.0,19215.5,19133.5,19210.0,0,0
2024-11-01 13:00:00+00:00,19210.0,19298.0,19199.5,19235.0,0,0
2024-11-01 17:00:00+00:00,19235.0,19256.0,19211.0,19229.5,0,0
2024-11-03 22:00:00+00:00,19229.5,19243.5,19178.0,19236.5,0,0
2024-11-04 02:00:00+00:00,19236.5,19273.0,19233.5,19266.0,0,0
2024-11-04 06:00:00+00:00,19266.0,19294.5,19213.0,19269.5,0,0
2024-11-04 10:00:00+00:00,19269.5,19286.5,19183.0,19194.5,0,0
2024-11-04 14:00:00+00:00,19194.5,19217.5,19095.5,19143.0,0,0
2024-11-04 18:00:00+00:00,19143.0,19155.5,19118.0,19148.23,0,0
2024-11-04 22:00:00+00:00,19148.23,19162.28,19109.0,19156.0,0,0
2024-11-05 02:00:00+00:00,19156.0,19169.0,19131.5,19165.0,0,0
2024-11-05 06:00:00+00:00,19165.0,19222.5,19103.5,19207.5,0,0
2024-11-05 10:00:00+00:00,19207.5,19208.5,19137.0,19184.5,0,0
2024-11-05 14:00:00+00:00,19184.5,19308.5,19144.5,19302.0,0,0
2024-11-05 18:00:00+00:00,19302.0,19317.16,19241.0,19313.41,0,0
2024-11-05 22:00:00+00:00,19313.41,19363.0,19281.5,19349.5,0,0
2024-11-06 02:00:00+00:00,19349.5,19436.5,19093.0,19111.5,0,0
2024-11-06 06:00:00+00:00,19111.5,19567.0,19081.0,19424.0,0,0
2024-11-06 10:00:00+00:00,19424.0,19485.0,19188.5,19222.5,0,0
2024-11-06 14:00:00+00:00,19222.5,19223.0,19003.0,19052.5,0,0
2024-11-06 18:00:00+00:00,19052.5,19142.9,19044.5,19142.1,0,0
2024-11-06 22:00:00+00:00,19142.1,19142.1,19030.5,19066.0,0,1
2024-11-07 02:00:00+00:00,19066.0,19108.0,19033.5,19106.5,0,0
2024-11-07 06:00:00+00:00,19106.5,19296.0,19081.5,19261.0,0,0
2024-11-07 10:00:00+00:00,19261.0,19335.5,19232.0,19317.0,0,0
2024-11-07 14:00:00+00:00,19317.0,19437.5,19308.0,19402.0,0,0
2024-11-07 18:00:00+00:00,19402.0,19454.82,19390.0,19439.07,0,0
2024-11-07 22:00:00+00:00,19439.07,19452.0,19426.5,19430.0,0,0
2024-11-08 02:00:00+00:00,19430.0,19432.5,19402.5,19421.0,0,0
2024-11-08 06:00:00+00:00,19421.0,19427.5,19216.0,19216.0,0,0
2024-11-08 10:00:00+00:00,19216.0,19264.0,19143.0,19217.0,0,0
2024-11-08 14:00:00+00:00,19217.0,19246.0,19177.0,19198.5,0,0
2024-11-08 18:00:00+00:00,19198.5,19246.5,19191.5,19244.5,0,0
2024-11-10 22:00:00+00:00,19244.5,19293.5,19244.5,19267.0,1,0
2024-11-11 02:00:00+00:00,19267.0,19290.5,19249.5,19282.0,0,0
2024-11-11 06:00:00+00:00,19282.0,19466.5,19282.0,19446.5,1,0
2024-11-11 10:00:00+00:00,19446.5,19546.5,19441.5,19530.0,0,0
2024-11-11 14:00:00+00:00,19530.0,19530.5,19411.0,19411.5,0,0
2024-11-11 18:00:00+00:00,19411.5,19439.5,19371.5,19409.27,0,0
2024-11-11 22:00:00+00:00,19409.27,19418.5,19384.5,19399.0,0,0
2024-11-12 02:00:00+00:00,19399.0,19403.0,19297.0,19300.0,0,0
2024-11-12 06:00:00+00:00,19300.0,19343.0,19222.0,19320.0,0,0
2024-11-12 10:00:00+00:00,19320.0,19320.0,19218.5,19264.0,0,1
2024-11-12 14:00:00+00:00,19264.0,19275.5,18961.0,18968.0,0,0
2024-11-12 18:00:00+00:00,18968.0,19084.85,18966.5,19069.5,0,0
2024-11-12 22:00:00+00:00,19069.5,19073.39,19038.0,19056.0,0,0
2024-11-13 02:00:00+00:00,19056.0,19087.5,19016.5,19020.5,0,0
2024-11-13 06:00:00+00:00,19020.5,19125.5,18977.0,19117.0,0,0
2024-11-13 10:00:00+00:00,19117.0,19118.0,18913.5,18975.5,0,0
2024-11-13 14:00:00+00:00,18975.5,19034.5,18835.5,19032.5,0,0
2024-11-13 18:00:00+00:00,19032.5,19046.0,18956.5,18996.92,0,0
2024-11-13 22:00:00+00:00,18996.92,19015.3,18969.0,18974.5,0,0
2024-11-14 02:00:00+00:00,18974.5,18996.0,18932.5,18959.0,0,0
2024-11-14 06:00:00+00:00,18959.0,19246.5,18941.0,19212.0,0,0
2024-11-14 10:00:00+00:00,19212.0,19307.0,19202.0,19294.0,0,0
2024-11-14 14:00:00+00:00,19294.0,19308.0,19188.5,19215.0,0,0
2024-11-14 18:00:00+00:00,19215.0,19243.5,19185.16,19216.63,0,0
2024-11-14 22:00:00+00:00,19216.63,19217.32,19174.0,19188.0,0,0
2024-11-15 02:00:00+00:00,19188.0,19224.5,19176.0,19185.5,0,0
2024-11-15 06:00:00+00:00,19185.5,19262.0,19120.5,19258.5,0,0
2024-11-15 10:00:00+00:00,19258.5,19290.0,19193.0,19223.0,0,0
2024-11-15 14:00:00+00:00,19223.0,19262.0,19161.0,19176.0,0,0
2024-11-15 18:00:00+00:00,19176.0,19246.0,19149.0,19237.5,0,0
2024-11-17 22:00:00+00:00,19237.5,19290.5,19231.0,19270.5,0,0
2024-11-18 02:00:00+00:00,19270.5,19295.5,19257.5,19270.0,0,0
2024-11-18 06:00:00+00:00,19270.0,19286.5,19154.5,19178.5,0,0
2024-11-18 10:00:00+00:00,19178.5,19217.0,19088.0,19131.0,0,0
2024-11-18 14:00:00+00:00,19131.0,19207.5,19106.0,19176.0,0,0
2024-11-18 18:00:00+00:00,19176.0,19177.0,19120.0,19134.45,0,0
2024-11-18 22:00:00+00:00,19134.45,19187.0,19112.05,19180.0,0,0
2024-11-19 02:00:00+00:00,19180.0,19250.5,19167.5,19216.0,0,0
2024-11-19 06:00:00+00:00,19216.0,19221.5,18925.0,18952.5,0,0
2024-11-19 10:00:00+00:00,18952.5,19017.5,18839.5,18842.5,0,0
2024-11-19 14:00:00+00:00,18842.5,19070.5,18810.0,19047.5,0,0
2024-11-19 18:00:00+00:00,19047.5,19107.5,19035.0,19052.37,0,0
2024-11-19 22:00:00+00:00,19052.37,19118.5,19052.37,19085.5,1,0
2024-11-20 02:00:00+00:00,19085.5,19119.0,19081.0,19109.0,0,0
2024-11-20 06:00:00+00:00,19109.0,19204.0,19104.0,19142.5,0,0
2024-11-20 10:00:00+00:00,19142.5,19170.0,19089.0,19114.0,0,0
2024-11-20 14:00:00+00:00,19114.0,19124.5,18959.0,19030.5,0,0
2024-11-20 18:00:00+00:00,19030.5,19117.92,18996.82,19094.69,0,0
2024-11-20 22:00:00+00:00,19094.69,19109.25,19025.5,19030.0,0,0
2024-11-21 02:00:00+00:00,19030.0,19078.5,19029.5,19077.5,0,0
2024-11-21 06:00:00+00:00,19077.5,19123.0,18899.0,18986.0,0,0
2024-11-21 10:00:00+00:00,18986.0,19097.5,18942.5,19049.0,0,0
2024-11-21 14:00:00+00:00,19049.0,19187.5,19002.0,19180.0,0,0
2024-11-21 18:00:00+00:00,19180.0,19198.5,19160.7,19164.91,0,0
2024-11-21 22:00:00+00:00,19164.91,19212.0,19145.0,19202.5,0,0
2024-11-22 02:00:00+00:00,19202.5,19216.0,19160.5,19161.5,0,0
2024-11-22 06:00:00+00:00,19161.5,19275.5,19029.5,19129.5,0,0
2024-11-22 10:00:00+00:00,19129.5,19266.0,19070.0,19229.5,0,0
2024-11-22 14:00:00+00:00,19229.5,19357.6,19213.5,19355.6,0,0
2024-11-22 18:00:00+00:00,19355.6,19370.6,19315.1,19352.6,0,0
2024-11-24 22:00:00+00:00,19352.6,19465.1,19352.6,19432.6,1,0
2024-11-25 02:00:00+00:00,19432.6,19448.6,19410.1,19433.1,0,0
2024-11-25 06:00:00+00:00,19433.1,19470.6,19358.1,19397.1,0,0
2024-11-25 10:00:00+00:00,19397.1,19430.1,19326.6,19423.1,0,0
2024-11-25 14:00:00+00:00,19423.1,19439.1,19338.6,19370.6,0,0
2024-11-25 18:00:00+00:00,19370.6,19404.6,19369.39,19392.98,0,0
2024-11-25 22:00:00+00:00,19392.98,19412.28,19221.6,19270.1,0,0
2024-11-26 02:00:00+00:00,19270.1,19308.1,19270.1,19276.6,1,0
2024-11-26 06:00:00+00:00,19276.6,19349.6,19236.1,19289.1,0,0
2024-11-26 10:00:00+00:00,19289.1,19385.1,19270.1,19346.1,0,0
2024-11-26 14:00:00+00:00,19346.1,19376.1,19259.1,19312.1,0,0
2024-11-26 18:00:00+00:00,19312.1,19335.1,19288.1,19328.73,0,0
2024-11-26 22:00:00+00:00,19328.73,19337.04,19309.1,19310.6,0,0
2024-11-27 02:00:00+00:00,19310.6,19321.1,19275.1,19285.6,0,0
2024-11-27 06:00:00+00:00,19285.6,19340.6,19147.6,19212.6,0,0
2024-11-27 10:00:00+00:00,19212.6,19271.6,19142.6,19230.1,0,0
2024-11-27 14:00:00+00:00,19230.1,19282.1,19183.1,19256.1,0,0
2024-11-27 18:00:00+00:00,19256.1,19279.6,19250.6,19275.39,0,0
2024-11-27 22:00:00+00:00,19275.39,19337.1,19275.39,19302.6,1,0
2024-11-28 02:00:00+00:00,19302.6,19348.6,19302.6,19345.6,1,0
2024-11-28 06:00:00+00:00,19345.6,19439.1,19309.1,19427.6,0,0
2024-11-28 10:00:00+00:00,19427.6,19436.1,19344.1,19393.1,0,0
2024-11-28 14:00:00+00:00,19393.1,19436.6,19389.6,19420.6,0,0
2024-11-28 18:00:00+00:00,19420.6,19436.6,19413.6,19436.1,0,0
2024-11-28 22:00:00+00:00,19436.1,19444.06,19350.6,19403.6,0,0
2024-11-29 02:00:00+00:00,19403.6,19432.1,19397.1,19410.1,0,0
2024-11-29 06:00:00+00:00,19410.1,19427.6,19377.1,19418.1,0,0
2024-11-29 10:00:00+00:00,19418.1,19525.4,19400.6,19452.4,0,0
2024-11-29 14:00:00+00:00,19452.4,19681.4,19452.4,19668.4,1,0
2024-11-29 18:00:00+00:00,19668.4,19669.4,19636.9,19644.9,0,0
2024-12-01 22:00:00+00:00,19644.9,19671.43,19592.4,19608.9,0,0
2024-12-02 02:00:00+00:00,19608.9,19630.9,19584.9,19589.4,0,0
2024-12-02 06:00:00+00:00,19589.4,19633.9,19561.9,19623.9,0,0
2024-12-02 10:00:00+00:00,19623.9,19929.4,19613.9,19892.9,0,0
2024-12-02 14:00:00+00:00,19892.9,19950.4,19790.9,19915.9,0,0
2024-12-02 18:00:00+00:00,19915.9,19940.9,19904.4,19921.69,0,0
2024-12-02 22:00:00+00:00,19921.69,19944.9,19902.4,19910.9,0,0
2024-12-03 02:00:00+00:00,19910.9,19941.4,19894.9,19940.9,0,0
2024-12-03 06:00:00+00:00,19940.9,20039.9,19891.4,19995.4,0,0
2024-12-03 10:00:00+00:00,19995.4,20003.4,19939.4,19948.4,0,0
2024-12-03 14:00:00+00:00,19948.4,20038.9,19926.9,20027.9,0,0
2024-12-03 18:00:00+00:00,20027.9,20045.54,19998.9,20033.96,0,0
2024-12-03 22:00:00+00:00,20033.96,20046.38,20001.4,20009.9,0,0
2024-12-04 02:00:00+00:00,20009.9,20053.9,20009.9,20046.9,1,0
2024-12-04 06:00:00+00:00,20046.9,20209.4,20010.4,20191.0,0,0
2024-12-04 10:00:00+00:00,20191.0,20230.5,20128.0,20189.5,0,0
2024-12-04 14:00:00+00:00,20189.5,20262.5,20182.5,20212.0,0,0
2024-12-04 18:00:00+00:00,20212.0,20234.0,20177.0,20219.86,0,0
2024-12-04 22:00:00+00:00,20219.86,20230.5,20202.0,20207.5,0,0
2024-12-05 02:00:00+00:00,20207.5,20221.5,20198.0,20219.5,0,0
2024-12-05 06:00:00+00:00,20219.5,20295.5,20194.0,20272.5,0,0
2024-12-05 10:00:00+00:00,20272.5,20327.0,20269.5,20309.5,0,0
2024-12-05 14:00:00+00:00,20309.5,20376.0,20282.5,20364.0,0,0
2024-12-05 18:00:00+00:00,20364.0,20365.5,20317.58,20335.8,0,0
2024-12-05 22:00:00+00:00,20335.8,20337.72,20304.5,20315.5,0,0
2024-12-06 02:00:00+00:00,20315.5,20335.5,20301.5,20329.5,0,0
2024-12-06 06:00:00+00:00,20329.5,20427.0,20309.5,20406.5,0,0
2024-12-06 10:00:00+00:00,20406.5,20426.5,20382.5,20405.5,0,0
2024-12-06 14:00:00+00:00,20405.5,20418.5,20367.0,20379.0,0,0
2024-12-06 18:00:00+00:00,20379.0,20395.5,20367.0,20377.5,0,0
2024-12-08 22:00:00+00:00,20377.5,20419.06,20361.5,20398.5,0,0
2024-12-09 02:00:00+00:00,20398.5,20409.5,20372.5,20381.0,0,0
2024-12-09 06:00:00+00:00,20381.0,20474.0,20345.0,20360.5,0,0
2024-12-09 10:00:00+00:00,20360.5,20407.5,20315.5,20399.0,0,0
2024-12-09 14:00:00+00:00,20399.0,20420.5,20322.9,20329.9,0,0
2024-12-09 18:00:00+00:00,20329.9,20372.4,20303.3,20317.37,0,0
2024-12-09 22:00:00+00:00,20317.37,20323.48,20265.4,20270.4,0,0
2024-12-10 02:00:00+00:00,20270.4,20298.4,20259.4,20285.4,0,0
2024-12-10 06:00:00+00:00,20285.4,20350.9,20269.9,20322.4,0,0
2024-12-10 10:00:00+00:00,20322.4,20396.9,20299.4,20378.4,0,0
2024-12-10 14:00:00+00:00,20378.4,20386.9,20322.9,20342.4,0,0
2024-12-10 18:00:00+00:00,20342.4,20350.9,20303.7,20324.19,0,0
2024-12-10 22:00:00+00:00,20324.19,20331.57,20283.9,20299.4,0,0
2024-12-11 02:00:00+00:00,20299.4,20306.4,20279.9,20304.9,0,0
2024-12-11 06:00:00+00:00,20304.9,20356.9,20291.4,20341.4,0,0
2024-12-11 10:00:00+00:00,20341.4,20370.9,20316.9,20359.9,0,0
2024-12-11 14:00:00+00:00,20359.9,20422.4,20328.4,20416.9,0,0
2024-12-11 18:00:00+00:00,20416.9,20426.9,20402.4,20404.78,0,0
2024-12-11 22:00:00+00:00,20404.78,20413.4,20391.4,20391.9,0,0
2024-12-12 02:00:00+00:00,20391.9,20415.4,20385.9,20392.4,0,0
2024-12-12 06:00:00+00:00,20392.4,20447.4,20361.4,20424.9,0,0
2024-12-12 10:00:00+00:00,20424.9,20458.4,20389.9,20420.4,0,0
2024-12-12 14:00:00+00:00,20420.4,20441.9,20391.9,20421.4,0,0
2024-12-12 18:00:00+00:00,20421.4,20433.4,20392.4,20405.16,0,0
2024-12-12 22:00:00+00:00,20405.16,20436.4,20391.4,20396.9,0,0
2024-12-13 02:00:00+00:00,20396.9,20415.4,20373.9,20396.4,0,0
2024-12-13 06:00:00+00:00,20396.4,20526.9,20391.9,20487.9,0,0
2024-12-13 10:00:00+00:00,20487.9,20517.4,20419.4,20458.9,0,0
2024-12-13 14:00:00+00:00,20458.9,20476.9,20363.9,20390.9,0,0
2024-12-13 18:00:00+00:00,20390.9,20432.9,20387.9,20414.9,0,0
2024-12-15 22:00:00+00:00,20414.9,20475.4,20414.9,20445.4,1,0
2024-12-16 02:00:00+00:00,20445.4,20446.4,20399.4,20401.4,0,0
2024-12-16 06:00:00+00:00,20401.4,20407.4,20327.4,20343.4,0,0
2024-12-16 10:00:00+00:00,20343.4,20361.9,20309.9,20347.4,0,0
2024-12-16 14:00:00+00:00,20347.4,20359.4,20299.4,20344.4,0,0
2024-12-16 18:00:00+00:00,20344.4,20354.9,20302.48,20313.52,0,0
2024-12-16 22:00:00+00:00,20313.52,20333.4,20291.9,20315.9,0,0
2024-12-17 02:00:00+00:00,20315.9,20315.9,20281.9,20282.9,0,1
2024-12-17 06:00:00+00:00,20282.9,20335.4,20259.4,20324.9,0,0
2024-12-17 10:00:00+00:00,20324.9,20357.4,20261.4,20304.9,0,0
2024-12-17 14:00:00+00:00,20304.9,20318.9,20240.4,20274.9,0,0
2024-12-17 18:00:00+00:00,20274.9,20277.9,20221.4,20238.92,0,0
2024-12-17 22:00:00+00:00,20238.92,20251.9,20201.74,20212.9,0,0
2024-12-18 02:00:00+00:00,20212.9,20227.4,20183.9,20225.9,0,0
2024-12-18 06:00:00+00:00,20225.9,20298.9,20218.4,20262.4,0,0
2024-12-18 10:00:00+00:00,20262.4,20331.9,20249.0,20254.0,0,0
2024-12-18 14:00:00+00:00,20254.0,20300.5,20242.0,20256.5,0,0
2024-12-18 18:00:00+00:00,20256.5,20274.5,19918.36,20036.63,0,0
2024-12-18 22:00:00+00:00,20036.63,20076.71,19963.0,20009.0,0,0
2024-12-19 02:00:00+00:00,20009.0,20017.5,19971.0,19982.0,0,0
2024-12-19 06:00:00+00:00,19982.0,20105.5,19977.5,20036.5,0,0
2024-12-19 10:00:00+00:00,20036.5,20081.8,19977.0,20053.8,0,0
2024-12-19 14:00:00+00:00,20053.8,20065.5,19937.5,19968.0,0,0
2024-12-19 18:00:00+00:00,19968.0,19999.5,19933.03,19964.54,0,0
2024-12-19 22:00:00+00:00,19964.54,19975.38,19832.0,19832.0,0,0
2024-12-20 02:00:00+00:00,19832.0,19868.0,19783.0,19851.5,0,0
2024-12-20 06:00:00+00:00,19851.5,19884.5,19705.5,19725.5,0,0
2024-12-20 10:00:00+00:00,19725.5,19767.5,19645.5,19723.0,0,0
2024-12-20 14:00:00+00:00,19723.0,19942.5,19704.0,19928.0,0,0
2024-12-20 18:00:00+00:00,19928.0,19953.0,19862.5,19875.0,0,0
2024-12-22 22:00:00+00:00,19875.0,19955.17,19849.0,19917.0,0,0
2024-12-23 02:00:00+00:00,19917.0,19928.5,19897.0,19923.5,0,0
2024-12-23 06:00:00+00:00,19923.5,19925.5,19799.5,19870.4,0,0
2024-12-23 10:00:00+00:00,19870.4,19903.4,19819.4,19829.4,0,0
2024-12-23 14:00:00+00:00,19829.4,19896.4,19806.4,19884.4,0,0
2024-12-23 18:00:00+00:00,19884.4,19915.69,19834.9,19887.4,0,0
2024-12-23 22:00:00+00:00,19887.4,19909.02,19872.28,19886.58,0,0
2024-12-24 02:00:00+00:00,19886.58,19895.05,19876.93,19883.58,0,0
2024-12-24 06:00:00+00:00,19883.58,19935.66,19878.59,19932.33,0,0
2024-12-24 10:00:00+00:00,19932.33,19935.66,19907.8,19923.82,0,0
2024-12-24 14:00:00+00:00,19923.82,20035.57,19906.18,20031.25,0,0
2024-12-24 18:00:00+00:00,20031.25,20033.74,20013.94,20028.91,0,0
2024-12-25 22:00:00+00:00,20028.91,20028.91,19989.26,20005.9,0,1
2024-12-26 02:00:00+00:00,20005.9,20023.36,19999.25,20009.71,0,0
2024-12-26 06:00:00+00:00,20009.71,20011.37,19925.93,19932.58,0,0
2024-12-26 10:00:00+00:00,19932.58,19959.89,19909.31,19945.42,0,0
2024-12-26 14:00:00+00:00,19945.42,20032.68,19901.35,19985.13,0,0
2024-12-26 18:00:00+00:00,19985.13,20018.2,19969.82,19981.47,0,0
2024-12-26 22:00:00+00:00,19981.47,20003.4,19900.9,19925.4,0,0
2024-12-27 02:00:00+00:00,19925.4,19933.4,19895.4,19911.9,0,0
2024-12-27 06:00:00+00:00,19911.9,19924.0,19797.4,19917.5,0,0
2024-12-27 10:00:00+00:00,19917.5,19965.7,19881.7,19908.7,0,0
2024-12-27 14:00:00+00:00,19908.7,19983.2,19883.2,19934.2,0,0
2024-12-27 18:00:00+00:00,19934.2,19977.2,19928.2,19956.7,0,0
2024-12-29 22:00:00+00:00,19956.7,20001.2,19912.33,19994.2,0,0
2024-12-30 02:00:00+00:00,19994.2,19994.2,19941.2,19949.2,0,1
2024-12-30 06:00:00+00:00,19949.2,19964.7,19879.2,19941.7,0,0
2024-12-30 10:00:00+00:00,19941.7,19971.2,19806.2,19818.2,0,0
2024-12-30 14:00:00+00:00,19818.2,19883.2,19760.2,19875.2,0,0
2024-12-30 18:00:00+00:00,19875.2,19886.2,19798.8,19818.93,0,0
2024-12-30 22:00:00+00:00,19818.93,19848.23,19788.72,19844.88,0,0
2024-12-31 02:00:00+00:00,19844.88,19866.68,19808.33,19830.14,0,0
2024-12-31 06:00:00+00:00,19830.14,19887.1,19803.98,19873.87,0,0
2024-12-31 10:00:00+00:00,19873.87,19909.8,19845.42,19886.74,0,0
2024-12-31 14:00:00+00:00,19886.74,19922.93,19785.09,19874.75,0,0
2024-12-31 18:00:00+00:00,19874.75,19876.01,19779.12,19826.76,0,0
2024-12-31 22:00:00+00:00,19826.76,19826.76,19826.76,19826.76,0,0
2025-01-01 22:00:00+00:00,19826.76,19898.2,19777.2,19891.2,0,0
2025-01-02 02:00:00+00:00,19891.2,19927.2,19865.2,19925.2,0,0
2025-01-02 06:00:00+00:00,19925.2,20023.2,19877.2,19911.7,0,0
2025-01-02 10:00:00+00:00,19911.7,19966.8,19825.7,19942.8,0,0
2025-01-02 14:00:00+00:00,19942.8,20040.3,19896.3,19941.8,0,0
2025-01-02 18:00:00+00:00,19941.8,19975.82,19905.8,19959.27,0,0
2025-01-02 22:00:00+00:00,19959.27,19997.3,19927.64,19991.8,0,0
2025-01-03 02:00:00+00:00,19991.8,20009.8,19978.8,19989.8,0,0
2025-01-03 06:00:00+00:00,19989.8,20034.8,19917.3,19968.3,0,0
2025-01-03 10:00:00+00:00,19968.3,19970.3,19890.8,19908.3,0,0
2025-01-03 14:00:00+00:00,19908.3,19950.3,19865.3,19905.3,0,0
2025-01-03 18:00:00+00:00,19905.3,19919.8,19894.8,19910.3,0,0
2025-01-05 22:00:00+00:00,19910.3,19940.3,19885.61,19938.8,0,0
2025-01-06 02:00:00+00:00,19938.8,19986.3,19929.3,19985.8,0,0
2025-01-06 06:00:00+00:00,19985.8,20009.8,19919.3,19993.8,0,0
2025-01-06 10:00:00+00:00,19993.8,20199.5,19950.3,20148.0,0,0
2025-01-06 14:00:00+00:00,20148.0,20248.5,19994.0,20198.0,0,0
2025-01-06 18:00:00+00:00,20198.0,20198.5,20111.0,20147.02,0,0
2025-01-06 22:00:00+00:00,20147.02,20158.46,20128.0,20141.0,0,0
2025-01-07 02:00:00+00:00,20141.0,20148.0,20108.5,20135.5,0,0
2025-01-07 06:00:00+00:00,20135.5,20270.5,20115.5,20221.5,0,0
2025-01-07 10:00:00+00:00,20221.5,20351.5,20221.5,20348.0,1,0
2025-01-07 14:00:00+00:00,20348.0,20393.0,20254.0,20324.0,0,0
2025-01-07 18:00:00+00:00,20324.0,20350.0,20262.5,20296.5,0,0
2025-01-07 22:00:00+00:00,20296.5,20331.72,20277.13,20320.0,0,0
2025-01-08 02:00:00+00:00,20320.0,20324.0,20297.0,20322.5,0,0
2025-01-08 06:00:00+00:00,20322.5,20417.5,20263.5,20401.0,0,0
2025-01-08 10:00:00+00:00,20401.0,20483.0,20252.0,20307.5,0,0
2025-01-08 14:00:00+00:00,20307.5,20350.0,20239.5,20300.5,0,0
2025-01-08 18:00:00+00:00,20300.5,20364.82,20287.5,20334.6,0,0
2025-01-08 22:00:00+00:00,20334.6,20346.39,20304.87,20332.0,0,0
2025-01-09 02:00:00+00:00,20332.0,20361.5,20325.0,20336.5,0,0
2025-01-09 06:00:00+00:00,20336.5,20339.5,20248.0,20287.5,0,0
2025-01-09 10:00:00+00:00,20287.5,20361.0,20284.5,20340.0,0,0
2025-01-09 14:00:00+00:00,20340.0,20359.0,20311.0,20324.0,0,0
2025-01-09 18:00:00+00:00,20324.0,20338.0,20319.0,20334.0,0,0
2025-01-09 22:00:00+00:00,20334.0,20348.22,20261.5,20310.0,0,0
2025-01-10 02:00:00+00:00,20310.0,20343.5,20298.5,20331.0,0,0
2025-01-10 06:00:00+00:00,20331.0,20350.5,20287.5,20334.5,0,0
2025-01-10 10:00:00+00:00,20334.5,20403.5,20268.0,20312.5,0,0
2025-01-10 14:00:00+00:00,20312.5,20375.5,20187.3,20271.3,0,0
2025-01-10 18:00:00+00:00,20271.3,20307.3,20229.3,20236.3,0,0
2025-01-12 22:00:00+00:00,20236.3,20260.3,20178.3,20199.3,0,0
2025-01-13 02:00:00+00:00,20199.3,20217.8,20171.3,20179.8,0,0
2025-01-13 06:00:00+00:00,20179.8,20191.3,20048.5,20054.0,0,0
2025-01-13 10:00:00+00:00,20054.0,20150.3,20023.5,20089.8,0,0
2025-01-13 14:00:00+00:00,20089.8,20175.3,20068.8,20168.8,0,0
2025-01-13 18:00:00+00:00,20168.8,20225.32,20154.3,20218.72,0,0
2025-01-13 22:00:00+00:00,20218.72,20279.85,20211.3,20219.3,0,0
2025-01-14 02:00:00+00:00,20219.3,20253.8,20199.3,20245.8,0,0
2025-01-14 06:00:00+00:00,20245.8,20279.3,20204.8,20258.3,0,0
2025-01-14 10:00:00+00:00,20258.3,20362.3,20247.3,20295.3,0,0
2025-01-14 14:00:00+00:00,20295.3,20311.3,20226.3,20258.8,0,0
2025-01-14 18:00:00+00:00,20258.8,20301.7,20221.8,20289.37,0,0
2025-01-14 22:00:00+00:00,20289.37,20304.3,20266.03,20300.8,0,0
2025-01-15 02:00:00+00:00,20300.8,20301.8,20265.3,20267.8,0,0
2025-01-15 06:00:00+00:00,20267.8,20378.3,20267.3,20366.3,0,0
2025-01-15 10:00:00+00:00,20366.3,20616.3,20343.3,20604.3,0,0
2025-01-15 14:00:00+00:00,20604.3,20630.3,20539.3,20600.8,0,0
2025-01-15 18:00:00+00:00,20600.8,20631.93,20600.8,20620.07,1,0
2025-01-15 22:00:00+00:00,20620.07,20660.3,20605.3,20606.3,0,0
2025-01-16 02:00:00+00:00,20606.3,20615.3,20583.8,20585.3,0,0
2025-01-16 06:00:00+00:00,20585.3,20706.3,20582.6,20586.6,0,0
2025-01-16 10:00:00+00:00,20586.6,20656.6,20575.6,20635.1,0,0
2025-01-16 14:00:00+00:00,20635.1,20668.6,20581.6,20646.1,0,0
2025-01-16 18:00:00+00:00,20646.1,20661.1,20605.68,20627.88,0,0
2025-01-16 22:00:00+00:00,20627.88,20656.6,20625.03,20655.1,0,0
2025-01-17 02:00:00+00:00,20655.1,20679.6,20647.1,20666.6,0,0
2025-01-17 06:00:00+00:00,20666.6,20888.6,20654.1,20853.0,0,0
2025-01-17 10:00:00+00:00,20853.0,20895.6,20822.0,20875.6,0,0
2025-01-17 14:00:00+00:00,20875.6,20928.1,20869.6,20899.6,0,0
2025-01-17 18:00:00+00:00,20899.6,20912.1,20872.6,20894.6,0,0
2025-01-19 22:00:00+00:00,20894.6,20912.1,20858.52,20902.6,0,0
2025-01-20 02:00:00+00:00,20902.6,20923.1,20894.1,20922.1,0,0
2025-01-20 06:00:00+00:00,20922.1,20933.1,20884.6,20916.1,0,0
2025-01-20 10:00:00+00:00,20916.1,21034.0,20879.0,21023.5,0,0
2025-01-20 14:00:00+00:00,21023.5,21055.0,20880.0,20980.5,0,0
2025-01-20 18:00:00+00:00,20980.5,21022.0,20952.5,21020.0,0,0
2025-01-20 22:00:00+00:00,21020.0,21069.0,20865.0,20960.0,0,0
2025-01-21 02:00:00+00:00,20960.0,21011.0,20929.0,20942.0,0,0
2025-01-21 06:00:00+00:00,20942.0,20999.5,20903.5,20981.5,0,0
2025-01-21 10:00:00+00:00,20981.5,21002.5,20954.0,20995.0,0,0
2025-01-21 14:00:00+00:00,20995.0,21094.0,20983.5,21088.5,0,0
2025-01-21 18:00:00+00:00,21088.5,21149.31,21074.0,21140.08,0,0
2025-01-21 22:00:00+00:00,21140.08,21175.5,21128.74,21148.0,0,0
2025-01-22 02:00:00+00:00,21148.0,21161.5,21135.0,21148.0,0,0
2025-01-22 06:00:00+00:00,21148.0,21278.5,21123.0,21250.4,0,0
2025-01-22 10:00:00+00:00,21250.4,21335.0,21248.9,21300.4,0,0
2025-01-22 14:00:00+00:00,21300.4,21306.4,21211.9,21253.9,0,0
2025-01-22 18:00:00+00:00,21253.9,21263.4,21227.22,21249.67,0,0
2025-01-22 22:00:00+00:00,21249.67,21263.9,21227.4,21236.9,0,0
2025-01-23 02:00:00+00:00,21236.9,21279.4,21223.9,21254.4,0,0
2025-01-23 06:00:00+00:00,21254.4,21307.9,21244.4,21300.4,0,0
2025-01-23 10:00:00+00:00,21300.4,21349.0,21296.5,21331.5,0,0
2025-01-23 14:00:00+00:00,21331.5,21468.0,21310.0,21463.5,0,0
2025-01-23 18:00:00+00:00,21463.5,21499.0,21440.5,21481.59,0,0
2025-01-23 22:00:00+00:00,21481.59,21501.0,21469.55,21484.5,0,0
2025-01-24 02:00:00+00:00,21484.5,21531.0,21484.5,21509.0,1,0
2025-01-24 06:00:00+00:00,21509.0,21521.0,21453.0,21507.0,0,0
2025-01-24 10:00:00+00:00,21507.0,21522.0,21429.5,21433.0,0,0
2025-01-24 14:00:00+00:00,21433.0,21433.0,21349.0,21367.0,0,1
2025-01-24 18:00:00+00:00,21367.0,21387.5,21354.0,21370.0,0,0
2025-01-26 22:00:00+00:00,21370.0,21370.0,21260.5,21266.5,0,1
2025-01-27 02:00:00+00:00,21266.5,21335.0,21248.5,21264.5,0,0
2025-01-27 06:00:00+00:00,21264.5,21271.5,21107.5,21172.5,0,0
2025-01-27 10:00:00+00:00,21172.5,21250.0,21079.5,21240.6,0,0
2025-01-27 14:00:00+00:00,21240.6,21344.1,21210.6,21290.6,0,0
2025-01-27 18:00:00+00:00,21290.6,21417.36,21287.1,21390.04,0,0
2025-01-27 22:00:00+00:00,21390.04,21423.63,21328.1,21334.1,0,0
2025-01-28 02:00:00+00:00,21334.1,21432.6,21322.6,21345.6,0,0
2025-01-28 06:00:00+00:00,21345.6,21401.1,21297.0,21371.0,0,0
2025-01-28 10:00:00+00:00,21371.0,21478.0,21369.0,21456.9,0,0
2025-01-28 14:00:00+00:00,21456.9,21472.4,21375.9,21461.9,0,0
2025-01-28 18:00:00+00:00,21461.9,21514.4,21458.4,21476.88,0,0
2025-01-28 22:00:00+00:00,21476.88,21499.4,21459.55,21487.4,0,0
2025-01-29 02:00:00+00:00,21487.4,21507.9,21469.9,21481.9,0,0
2025-01-29 06:00:00+00:00,21481.9,21563.4,21477.0,21550.9,0,0
2025-01-29 10:00:00+00:00,21550.9,21618.4,21550.9,21597.9,1,0
2025-01-29 14:00:00+00:00,21597.9,21674.9,21597.4,21646.9,0,0
2025-01-29 18:00:00+00:00,21646.9,21680.81,21559.81,21658.34,0,0
2025-01-29 22:00:00+00:00,21658.34,21671.4,21622.55,21661.4,0,0
2025-01-30 02:00:00+00:00,21661.4,21674.9,21629.9,21643.9,0,0
2025-01-30 06:00:00+00:00,21643.9,21717.9,21630.9,21679.4,0,0
2025-01-30 10:00:00+00:00,21679.4,21725.4,21670.9,21689.9,0,0
2025-01-30 14:00:00+00:00,21689.9,21775.5,21654.9,21769.0,0,0
2025-01-30 18:00:00+00:00,21769.0,21795.0,21668.5,21715.15,0,0
2025-01-30 22:00:00+00:00,21715.15,21775.62,21687.5,21712.5,0,0
2025-01-31 02:00:00+00:00,21712.5,21723.5,21701.0,21723.5,0,0
2025-01-31 06:00:00+00:00,21723.5,21803.0,21720.9,21758.5,0,0
2025-01-31 10:00:00+00:00,21758.5,21800.0,21753.5,21796.4,0,0
2025-01-31 14:00:00+00:00,21796.4,21796.4,21686.4,21770.9,0,1
2025-01-31 18:00:00+00:00,21770.9,21781.4,21604.4,21632.9,0,0
2025-02-02 22:00:00+00:00,21632.9,21632.9,21092.4,21198.9,0,1
2025-02-03 02:00:00+00:00,21198.9,21270.9,21104.4,21253.4,0,0
2025-02-03 06:00:00+00:00,21253.4,21414.8,21178.4,21296.3,0,0
2025-02-03 10:00:00+00:00,21296.3,21392.9,21267.8,21365.9,0,0
2025-02-03 14:00:00+00:00,21365.9,21468.9,21257.9,21382.9,0,0
2025-02-03 18:00:00+00:00,21382.9,21534.67,21353.4,21512.81,0,0
2025-02-03 22:00:00+00:00,21512.81,21558.92,21442.9,21469.4,0,0
2025-02-04 02:00:00+00:00,21469.4,21493.4,21296.4,21392.4,0,0
2025-02-04 06:00:00+00:00,21392.4,21505.9,21297.4,21407.9,0,0
2025-02-04 10:00:00+00:00,21407.9,21483.9,21407.4,21468.9,0,0
2025-02-04 14:00:00+00:00,21468.9,21517.4,21448.9,21494.9,0,0
2025-02-04 18:00:00+00:00,21494.9,21505.9,21433.31,21444.88,0,0
2025-02-04 22:00:00+00:00,21444.88,21497.4,21419.68,21442.4,0,0
2025-02-05 02:00:00+00:00,21442.4,21455.9,21416.4,21421.9,0,0
2025-02-05 06:00:00+00:00,21421.9,21452.4,21385.4,21418.5,0,0
2025-02-05 10:00:00+00:00,21418.5,21548.5,21411.5,21539.5,0,0
2025-02-05 14:00:00+00:00,21539.5,21611.0,21477.5,21591.0,0,0
2025-02-05 18:00:00+00:00,21591.0,21660.78,21581.0,21643.64,0,0
2025-02-05 22:00:00+00:00,21643.64,21680.0,21634.43,21656.0,0,0
2025-02-06 02:00:00+00:00,21656.0,21680.0,21639.0,21679.0,0,0
2025-02-06 06:00:00+00:00,21679.0,21787.6,21663.0,21780.0,0,0
2025-02-06 10:00:00+00:00,21780.0,21807.0,21711.5,21771.0,0,0
2025-02-06 14:00:00+00:00,21771.0,21924.5,21771.0,21902.0,1,0
2025-02-06 18:00:00+00:00,21902.0,21913.0,21792.8,21881.08,0,0
2025-02-06 22:00:00+00:00,21881.08,21909.69,21864.12,21891.5,0,0
2025-02-07 02:00:00+00:00,21891.5,21903.0,21885.0,21893.0,0,0
2025-02-07 06:00:00+00:00,21893.0,21948.0,21874.5,21922.5,0,0
2025-02-07 10:00:00+00:00,21922.5,21935.5,21866.5,21895.0,0,0
2025-02-07 14:00:00+00:00,21895.0,21913.0,21731.0,21754.5,0,0
2025-02-07 18:00:00+00:00,21754.5,21783.0,21725.0,21740.0,0,0
2025-02-09 22:00:00+00:00,21740.0,21798.95,21699.97,21784.0,0,0
2025-02-10 02:00:00+00:00,21784.0,21800.5,21777.0,21791.5,0,0
2025-02-10 06:00:00+00:00,21791.5,21871.5,21779.0,21790.0,0,0
2025-02-10 10:00:00+00:00,21790.0,21923.0,21786.5,21917.0,0,0
2025-02-10 14:00:00+00:00,21917.0,21947.5,21866.5,21933.0,0,0
2025-02-10 18:00:00+00:00,21933.0,21948.5,21926.0,21946.14,0,0
2025-02-10 22:00:00+00:00,21946.14,21946.14,21892.09,21925.5,0,1
2025-02-11 02:00:00+00:00,21925.5,21931.5,21899.0,21930.0,0,0
2025-02-11 06:00:00+00:00,21930.0,21981.0,21882.5,21926.0,0,0
2025-02-11 10:00:00+00:00,21926.0,22007.0,21899.5,21966.0,0,0
2025-02-11 14:00:00+00:00,21966.0,22049.5,21945.5,22034.0,0,0
2025-02-11 18:00:00+00:00,22034.0,22115.0,22028.5,22089.08,0,0
2025-02-11 22:00:00+00:00,22089.08,22110.05,22075.0,22102.5,0,0
2025-02-12 02:00:00+00:00,22102.5,22114.5,22093.0,22095.5,0,0
2025-02-12 06:00:00+00:00,22095.5,22128.8,22068.0,22107.8,0,0
2025-02-12 10:00:00+00:00,22107.8,22120.4,21962.4,22044.3,0,0
2025-02-12 14:00:00+00:00,22044.3,22291.3,22023.8,22279.3,0,0
2025-02-12 18:00:00+00:00,22279.3,22328.4,22251.8,22324.64,0,0
2025-02-12 22:00:00+00:00,22324.64,22366.8,22315.09,22366.8,0,0
2025-02-13 02:00:00+00:00,22366.8,22381.3,22347.8,22368.3,0,0
2025-02-13 06:00:00+00:00,22368.3,22471.3,22303.8,22410.8,0,0
2025-02-13 10:00:00+00:00,22410.8,22567.8,22398.3,22510.8,0,0
2025-02-13 14:00:00+00:00,22510.8,22623.8,22470.3,22558.3,0,0
2025-02-13 18:00:00+00:00,22558.3,22567.8,22422.8,22490.98,0,0
2025-02-13 22:00:00+00:00,22490.98,22508.05,22482.8,22505.8,0,0
2025-02-14 02:00:00+00:00,22505.8,22512.3,22467.8,22474.3,0,0
2025-02-14 06:00:00+00:00,22474.3,22613.0,22474.3,22593.0,1,0
2025-02-14 10:00:00+00:00,22593.0,22602.5,22504.5,22547.0,0,0
2025-02-14 14:00:00+00:00,22547.0,22572.5,22466.0,22504.0,0,0
2025-02-14 18:00:00+00:00,22504.0,22517.0,22486.0,22505.0,0,0
2025-02-16 22:00:00+00:00,22505.0,22550.0,22497.5,22540.0,0,0
2025-02-17 02:00:00+00:00,22540.0,22544.5,22508.5,22508.5,0,0
2025-02-17 06:00:00+00:00,22508.5,22716.7,22498.0,22714.2,0,0
2025-02-17 10:00:00+00:00,22714.2,22727.2,22664.7,22704.8,0,0
2025-02-17 14:00:00+00:00,22704.8,22806.8,22697.8,22803.8,0,0
2025-02-17 18:00:00+00:00,22803.8,22880.8,22796.8,22863.8,0,0
2025-02-17 22:00:00+00:00,22863.8,22868.07,22812.41,22840.8,0,0
2025-02-18 02:00:00+00:00,22840.8,22872.3,22813.8,22821.8,0,0
2025-02-18 06:00:00+00:00,22821.8,22881.8,22713.8,22743.8,0,0
2025-02-18 10:00:00+00:00,22743.8,22856.8,22736.3,22855.3,0,0
2025-02-18 14:00:00+00:00,22855.3,22882.3,22804.8,22873.8,0,0
2025-02-18 18:00:00+00:00,22873.8,22878.17,22846.8,22861.38,0,0
2025-02-18 22:00:00+00:00,22861.38,22889.93,22851.8,22873.8,0,0
2025-02-19 02:00:00+00:00,22873.8,22882.8,22861.3,22869.3,0,0
2025-02-19 06:00:00+00:00,22869.3,22937.2,22852.8,22875.7,0,0
2025-02-19 10:00:00+00:00,22875.7,22877.7,22552.9,22564.0,0,0
2025-02-19 14:00:00+00:00,22564.0,22574.5,22382.0,22417.0,0,0
2025-02-19 18:00:00+00:00,22417.0,22439.5,22370.5,22408.68,0,0
2025-02-19 22:00:00+00:00,22408.68,22475.5,22392.0,22435.5,0,0
2025-02-20 02:00:00+00:00,22435.5,22504.5,22432.0,22472.5,0,0
2025-02-20 06:00:00+00:00,22472.5,22574.5,22445.5,22565.0,0,0
2025-02-20 10:00:00+00:00,22565.0,22579.0,22454.0,22470.5,0,0
2025-02-20 14:00:00+00:00,22470.5,22525.0,22274.5,22313.5,0,0
2025-02-20 18:00:00+00:00,22313.5,22349.5,22295.79,22303.82,0,0
2025-02-20 22:00:00+00:00,22303.82,22338.0,22296.0,22303.5,0,0
2025-02-21 02:00:00+00:00,22303.5,22335.0,22292.5,22305.5,0,0
2025-02-21 06:00:00+00:00,22305.5,22370.5,22264.0,22303.0,0,0
2025-02-21 10:00:00+00:00,22303.0,22396.5,22288.5,22351.5,0,0
2025-02-21 14:00:00+00:00,22351.5,22384.0,22222.5,22252.0,0,0
2025-02-21 18:00:00+00:00,22252.0,22252.0,22117.5,22180.5,0,1
2025-02-23 22:00:00+00:00,22180.5,22588.0,22180.5,22515.5,1,0
2025-02-24 02:00:00+00:00,22515.5,22526.5,22463.5,22525.0,0,0
2025-02-24 06:00:00+00:00,22525.0,22536.5,22241.5,22471.5,0,0
2025-02-24 10:00:00+00:00,22471.5,22514.5,22398.5,22467.5,0,0
2025-02-24 14:00:00+00:00,22467.5,22480.0,22231.0,22407.5,0,0
2025-02-24 18:00:00+00:00,22407.5,22426.0,22295.12,22313.94,0,0
2025-02-24 22:00:00+00:00,22313.94,22347.5,22275.25,22345.0,0,0
2025-02-25 02:00:00+00:00,22345.0,22404.0,22334.5,22399.5,0,0
2025-02-25 06:00:00+00:00,22399.5,22476.0,22256.5,22423.0,0,0
2025-02-25 10:00:00+00:00,22423.0,22579.9,22386.0,22565.9,0,0
2025-02-25 14:00:00+00:00,22565.9,22567.9,22330.9,22488.9,0,0
2025-02-25 18:00:00+00:00,22488.9,22590.4,22469.9,22540.36,0,0
2025-02-25 22:00:00+00:00,22540.36,22581.55,22508.9,22522.9,0,0
2025-02-26 02:00:00+00:00,22522.9,22605.4,22506.4,22599.9,0,0
2025-02-26 06:00:00+00:00,22599.9,22682.1,22516.4,22674.1,0,0
2025-02-26 10:00:00+00:00,22674.1,22836.6,22674.1,22773.1,1,0
2025-02-26 14:00:00+00:00,22773.1,22813.1,22663.1,22683.1,0,0
2025-02-26 18:00:00+00:00,22683.1,22716.77,22549.21,22694.83,0,0
2025-02-26 22:00:00+00:00,22694.83,22705.1,22612.1,22631.6,0,0
2025-02-27 02:00:00+00:00,22631.6,22664.6,22602.1,22653.1,0,0
2025-02-27 06:00:00+00:00,22653.1,22701.6,22486.1,22594.1,0,0
2025-02-27 10:00:00+00:00,22594.1,22683.6,22477.1,22529.1,0,0
2025-02-27 14:00:00+00:00,22529.1,22577.6,22376.1,22506.6,0,0
2025-02-27 18:00:00+00:00,22506.6,22563.6,22373.1,22406.78,0,0
2025-02-27 22:00:00+00:00,22406.78,22445.79,22315.6,22338.6,0,0
2025-02-28 02:00:00+00:00,22338.6,22357.6,22219.6,22300.6,0,0
2025-02-28 06:00:00+00:00,22300.6,22493.6,22241.6,22475.1,0,0
2025-02-28 10:00:00+00:00,22475.1,22508.6,22388.1,22444.6,0,0
2025-02-28 14:00:00+00:00,22444.6,22576.1,22368.6,22436.1,0,0
2025-02-28 18:00:00+00:00,22436.1,22559.6,22303.1,22548.6,0,0
2025-03-02 22:00:00+00:00,22548.6,22676.6,22548.6,22630.1,1,0
2025-03-03 02:00:00+00:00,22630.1,22688.6,22614.1,22681.1,0,0
2025-03-03 06:00:00+00:00,22681.1,22819.1,22526.1,22816.6,0,0
2025-03-03 10:00:00+00:00,22816.6,23187.0,22746.6,23173.5,0,0
2025-03-03 14:00:00+00:00,23173.5,23311.5,23072.0,23162.5,0,0
2025-03-03 18:00:00+00:00,23162.5,23167.0,22915.0,23070.17,0,0
2025-03-03 22:00:00+00:00,23070.17,23094.3,22937.5,22943.0,0,0
2025-03-04 02:00:00+00:00,22943.0,23044.0,22937.5,23030.5,0,0
2025-03-04 06:00:00+00:00,23030.5,23040.5,22680.5,22716.1,0,0
2025-03-04 10:00:00+00:00,22716.1,22722.6,22435.6,22437.1,0,0
2025-03-04 14:00:00+00:00,22437.1,22544.6,22314.1,22441.6,0,0
2025-03-04 18:00:00+00:00,22441.6,22891.6,22435.1,22776.09,0,0
2025-03-04 22:00:00+00:00,22776.09,22841.1,22673.6,22758.1,0,0
2025-03-05 02:00:00+00:00,22758.1,22811.1,22722.1,22778.1,0,0
2025-03-05 06:00:00+00:00,22778.1,23140.6,22721.1,23139.1,0,0
2025-03-05 10:00:00+00:00,23139.1,23183.1,23018.6,23057.1,0,0
2025-03-05 14:00:00+00:00,23057.1,23189.1,22989.1,23162.6,0,0
2025-03-05 18:00:00+00:00,23162.6,23229.6,23090.1,23171.78,0,0
2025-03-05 22:00:00+00:00,23171.78,23212.6,23134.1,23178.6,0,0
2025-03-06 02:00:00+00:00,23178.6,23214.1,23163.1,23197.1,0,0
2025-03-06 06:00:00+00:00,23197.1,23443.6,23148.6,23164.1,0,0
2025-03-06 10:00:00+00:00,23164.1,23247.1,23058.6,23184.6,0,0
2025-03-06 14:00:00+00:00,23184.6,23479.0,23105.1,23244.0,0,0
2025-03-06 18:00:00+00:00,23244.0,23290.0,23156.5,23243.59,0,0
2025-03-06 22:00:00+00:00,23243.59,23272.37,23169.0,23256.5,0,0
2025-03-07 02:00:00+00:00,23256.5,23291.0,23166.5,23179.0,0,0
2025-03-07 06:00:00+00:00,23179.0,23227.0,23012.5,23150.0,0,0
2025-03-07 10:00:00+00:00,23150.0,23156.0,22913.0,22927.5,0,0
2025-03-07 14:00:00+00:00,22927.5,23162.0,22856.5,23062.0,0,0
2025-03-07 18:00:00+00:00,23062.0,23224.5,23062.0,23199.5,1,0
2025-03-09 21:00:00+00:00,23199.5,23199.5,22951.11,23121.5,0,1
2025-03-10 01:00:00+00:00,23121.5,23167.5,23094.5,23109.5,0,0
2025-03-10 05:00:00+00:00,23109.5,23214.0,22742.5,22763.0,0,0
2025-03-10 09:00:00+00:00,22763.0,22933.0,22634.4,22768.9,0,0
2025-03-10 13:00:00+00:00,22768.9,22817.9,22515.9,22592.4,0,0
2025-03-10 17:00:00+00:00,22592.4,22630.4,22448.9,22587.9,0,0
2025-03-10 21:00:00+00:00,22587.9,22587.9,22412.9,22450.4,0,1
2025-03-11 01:00:00+00:00,22450.4,22660.9,22412.9,22648.9,0,0
2025-03-11 05:00:00+00:00,22648.9,22793.4,22628.4,22774.9,0,0
2025-03-11 09:00:00+00:00,22774.9,22837.9,22598.4,22664.9,0,0
2025-03-11 13:00:00+00:00,22664.9,22713.4,22251.9,22292.4,0,0
2025-03-11 17:00:00+00:00,22292.4,22554.4,22240.4,22426.9,0,0
2025-03-11 21:00:00+00:00,22426.9,22498.4,22414.34,22490.9,0,0
2025-03-12 01:00:00+00:00,22490.9,22546.9,22473.4,22526.4,0,0
2025-03-12 05:00:00+00:00,22526.4,22626.4,22434.9,22614.4,0,0
2025-03-12 09:00:00+00:00,22614.4,22819.4,22588.4,22742.9,0,0
2025-03-12 13:00:00+00:00,22742.9,22753.9,22490.9,22635.4,0,0
2025-03-12 17:00:00+00:00,22635.4,22719.9,22565.9,22646.9,0,0
2025-03-12 21:00:00+00:00,22646.9,22728.15,22635.8,22676.4,0,0
2025-03-13 01:00:00+00:00,22676.4,22676.4,22565.9,22593.9,0,1
2025-03-13 05:00:00+00:00,22593.9,22664.9,22431.9,22586.4,0,0
2025-03-13 09:00:00+00:00,22586.4,22760.5,22451.0,22521.5,0,0
2025-03-13 13:00:00+00:00,22521.5,22617.5,22414.5,22540.0,0,0
2025-03-13 17:00:00+00:00,22540.0,22570.0,22471.0,22518.0,0,0
2025-03-13 21:00:00+00:00,22518.0,22634.0,22517.5,22599.0,0,0
2025-03-14 01:00:00+00:00,22599.0,22691.5,22570.5,22669.0,0,0
2025-03-14 05:00:00+00:00,22669.0,22705.0,22459.5,22661.5,0,0
2025-03-14 09:00:00+00:00,22661.5,23054.5,22592.0,22938.5,0,0
2025-03-14 13:00:00+00:00,22938.5,23026.0,22886.0,23022.5,0,0
2025-03-14 17:00:00+00:00,23022.5,23088.0,22984.5,23084.0,0,0
2025-03-16 21:00:00+00:00,23083.5,23083.5,22987.5,23026.0,0,1
2025-03-17 01:00:00+00:00,23026.0,23065.0,23018.0,23037.0,0,0
2025-03-17 05:00:00+00:00,23037.0,23076.5,22941.5,23031.0,0,0
2025-03-17 09:00:00+00:00,23031.0,23088.0,22928.5,23043.0,0,0
2025-03-17 13:00:00+00:00,23043.0,23159.0,23017.0,23142.5,0,0
2025-03-17 17:00:00+00:00,23142.5,23259.5,23132.5,23244.0,0,0
2025-03-17 21:00:00+00:00,23244.0,23264.82,23226.25,23243.0,0,0
2025-03-18 01:00:00+00:00,23243.0,23248.5,23190.0,23200.5,0,0
2025-03-18 05:00:00+00:00,23200.5,23419.8,23200.5,23374.3,1,0
2025-03-18 09:00:00+00:00,23374.3,23477.7,23365.2,23436.9,0,0
2025-03-18 13:00:00+00:00,23436.9,23436.9,23267.2,23359.7,0,1
2025-03-18 17:00:00+00:00,23359.7,23392.2,23284.2,23352.2,0,0
2025-03-18 21:00:00+00:00,23352.2,23432.7,23322.1,23426.2,0,0
2025-03-19 01:00:00+00:00,23426.2,23426.7,23376.2,23381.7,0,0
2025-03-19 05:00:00+00:00,23381.7,23419.2,23194.2,23301.7,0,0
2025-03-19 09:00:00+00:00,23301.7,23374.2,23193.1,23218.6,0,0
2025-03-19 13:00:00+00:00,23218.6,23330.6,23135.1,23289.1,0,0
2025-03-19 17:00:00+00:00,23289.1,23380.1,23244.1,23319.6,0,0
2025-03-19 21:00:00+00:00,23319.6,23381.34,23316.6,23338.6,0,0
2025-03-20 01:00:00+00:00,23338.6,23340.6,23269.6,23293.1,0,0
2025-03-20 05:00:00+00:00,23293.1,23322.6,23143.6,23153.6,0,0
2025-03-20 09:00:00+00:00,23153.6,23158.6,22812.5,22950.3,0,0
2025-03-20 13:00:00+00:00,22950.3,23047.4,22879.9,22993.4,0,0
2025-03-20 17:00:00+00:00,22993.4,23030.4,22931.9,22964.9,0,0
2025-03-20 21:00:00+00:00,22964.9,23005.4,22936.54,22980.4,0,0
2025-03-21 01:00:00+00:00,22980.4,23016.4,22935.9,22945.4,0,0
2025-03-21 05:00:00+00:00,22945.4,22992.4,22775.9,22860.4,0,0
2025-03-21 09:00:00+00:00,22860.4,22894.9,22730.9,22771.4,0,0
2025-03-21 13:00:00+00:00,22771.4,22896.9,22716.9,22878.4,0,0
2025-03-21 17:00:00+00:00,22878.4,22909.9,22849.9,22892.4,0,0
2025-03-23 21:00:00+00:00,22892.4,23007.9,22892.4,23005.4,1,0
2025-03-24 01:00:00+00:00,23005.4,23006.9,22956.4,22965.4,0,0
2025-03-24 05:00:00+00:00,22965.4,23136.4,22947.4,23032.4,0,0
2025-03-24 09:00:00+00:00,23032.4,23046.4,22831.4,22842.9,0,0
2025-03-24 13:00:00+00:00,22842.9,22977.9,22809.9,22847.4,0,0
2025-03-24 17:00:00+00:00,22847.4,22898.9,22806.4,22886.4,0,0
2025-03-24 21:00:00+00:00,22886.4,22921.4,22859.9,22919.4,0,0
2025-03-25 01:00:00+00:00,22919.4,22919.9,22792.9,22794.4,0,0
2025-03-25 05:00:00+00:00,22794.4,22984.9,22793.4,22962.9,0,0
2025-03-25 09:00:00+00:00,22962.9,23185.4,22926.4,23109.9,0,0
2025-03-25 13:00:00+00:00,23109.9,23132.9,22999.9,23132.4,0,0
2025-03-25 17:00:00+00:00,23132.4,23152.4,23100.4,23147.9,0,0
2025-03-25 21:00:00+00:00,23147.9,23166.4,23138.84,23150.9,0,0
2025-03-26 01:00:00+00:00,23150.9,23176.9,23133.4,23153.4,0,0
2025-03-26 05:00:00+00:00,23153.4,23226.9,22943.4,22955.9,0,0
2025-03-26 09:00:00+00:00,22955.9,23016.8,22880.4,22980.8,0,0
2025-03-26 13:00:00+00:00,22980.8,23002.3,22787.8,22801.8,0,0
2025-03-26 17:00:00+00:00,22801.8,22823.8,22659.8,22715.3,0,0
2025-03-26 21:00:00+00:00,22715.3,22715.3,22633.8,22671.8,0,1
2025-03-27 01:00:00+00:00,22671.8,22702.3,22650.3,22686.8,0,0
2025-03-27 05:00:00+00:00,22686.8,22686.8,22464.8,22633.9,0,1
2025-03-27 09:00:00+00:00,22633.9,22727.9,22568.2,22569.7,0,0
2025-03-27 13:00:00+00:00,22569.7,22742.7,22523.2,22615.2,0,0
2025-03-27 17:00:00+00:00,22615.2,22702.2,22611.7,22664.2,0,0
2025-03-27 21:00:00+00:00,22664.2,22672.05,22616.2,22656.2,0,0
2025-03-28 01:00:00+00:00,22656.2,22681.2,22612.2,22619.7,0,0
2025-03-28 05:00:00+00:00,22619.7,22651.2,22503.2,22597.7,0,0
2025-03-28 09:00:00+00:00,22597.7,22621.2,22432.7,22488.2,0,0
2025-03-28 13:00:00+00:00,22488.2,22597.7,22372.2,22459.7,0,0
2025-03-28 17:00:00+00:00,22459.7,22504.7,22423.7,22460.7,0,0
2025-03-30 21:00:00+00:00,22459.2,22459.2,22301.7,22320.7,0,1
2025-03-31 01:00:00+00:00,22320.7,22370.7,22303.2,22309.7,0,0
2025-03-31 05:00:00+00:00,22309.7,22318.7,22152.2,22219.2,0,0
2025-03-31 09:00:00+00:00,22219.2,22233.2,21970.2,22076.2,0,0
2025-03-31 13:00:00+00:00,22076.2,22219.1,22013.2,22184.6,0,0
2025-03-31 17:00:00+00:00,22184.6,22341.6,22180.1,22268.09,0,0
2025-03-31 21:00:00+00:00,22268.09,22280.1,22217.24,22237.1,0,0
2025-04-01 01:00:00+00:00,22237.1,22294.6,22225.1,22267.6,0,0
2025-04-01 05:00:00+00:00,22267.6,22457.0,22234.1,22452.5,0,0
2025-04-01 09:00:00+00:00,22452.5,22535.0,22303.1,22427.6,0,0
2025-04-01 13:00:00+00:00,22427.6,22578.6,22315.6,22496.1,0,0
2025-04-01 17:00:00+00:00,22496.1,22520.48,22404.6,22497.05,0,0
2025-04-01 21:00:00+00:00,22497.05,22569.93,22471.6,22474.1,0,0
2025-04-02 01:00:00+00:00,22474.1,22518.1,22471.6,22499.6,0,0
2025-04-02 05:00:00+00:00,22499.6,22513.1,22186.0,22300.0,0,0
2025-04-02 09:00:00+00:00,22300.0,22360.9,22140.5,22196.5,0,0
2025-04-02 13:00:00+00:00,22196.5,22431.0,22168.5,22421.5,0,0
2025-04-02 17:00:00+00:00,22421.5,22646.82,21866.1,21965.9,0,0
2025-04-02 21:00:00+00:00,21965.9,22072.0,21567.53,21821.0,0,0
2025-04-03 01:00:00+00:00,21821.0,22020.0,21821.0,21952.5,1,0
2025-04-03 05:00:00+00:00,21952.5,22152.0,21807.0,22116.0,0,0
2025-04-03 09:00:00+00:00,22116.0,22125.5,21812.0,21866.0,0,0
2025-04-03 13:00:00+00:00,21866.0,21946.0,21665.0,21784.0,0,0
2025-04-03 17:00:00+00:00,21784.0,21814.0,21588.68,21605.18,0,0
2025-04-03 21:00:00+00:00,21605.18,21686.0,21577.94,21652.0,0,0
2025-04-04 01:00:00+00:00,21652.0,21689.0,21519.0,21534.5,0,0
2025-04-04 05:00:00+00:00,21534.5,21704.0,21247.1,21296.1,0,0
2025-04-04 09:00:00+00:00,21296.1,21324.6,20431.9,20874.4,0,0
2025-04-04 13:00:00+00:00,20874.4,21076.9,20431.4,20499.4,0,0
2025-04-04 17:00:00+00:00,20499.4,20646.4,20323.9,20345.9,0,0
2025-04-06 21:00:00+00:00,20345.9,20345.9,19429.77,19798.4,0,1
2025-04-07 01:00:00+00:00,19798.4,20100.4,19724.4,19771.4,0,0
2025-04-07 05:00:00+00:00,19771.4,19923.9,18809.4,19382.0,0,0
2025-04-07 09:00:00+00:00,19382.0,20030.4,19268.2,19950.4,0,0
2025-04-07 13:00:00+00:00,19950.4,20837.4,19546.4,19760.4,0,0
2025-04-07 17:00:00+00:00,19760.4,20134.9,19760.4,19961.95,1,0
2025-04-07 21:00:00+00:00,19961.95,20206.4,19961.95,20045.4,1,0
2025-04-08 01:00:00+00:00,20045.4,20317.4,19989.4,20157.9,0,0
2025-04-08 05:00:00+00:00,20157.9,20250.4,19871.9,20101.9,0,0
2025-04-08 09:00:00+00:00,20101.9,20310.3,19917.9,20271.8,0,0
2025-04-08 13:00:00+00:00,20271.8,20472.3,20016.8,20026.8,0,0
2025-04-08 17:00:00+00:00,20026.8,20043.3,19393.8,19635.11,0,0
2025-04-08 21:00:00+00:00,19635.11,19642.25,19307.8,19432.3,0,0
2025-04-09 01:00:00+00:00,19432.3,19734.8,19368.3,19445.8,0,0
2025-04-09 05:00:00+00:00,19445.8,20028.5,19329.8,19769.8,0,0
2025-04-09 09:00:00+00:00,19769.8,19868.3,19347.3,19575.4,0,0
2025-04-09 13:00:00+00:00,19575.4,19888.0,19562.9,19758.4,0,0
2025-04-09 17:00:00+00:00,19758.4,21528.9,19671.9,21494.58,0,0
2025-04-09 21:00:00+00:00,21494.58,21540.93,21238.9,21306.9,0,0
2025-04-10 01:00:00+00:00,21306.9,21369.9,21168.4,21249.4,0,0
2025-04-10 05:00:00+00:00,21249.4,21411.9,20679.1,20755.1,0,0
2025-04-10 09:00:00+00:00,20755.1,20837.9,20571.0,20664.5,0,0
2025-04-10 13:00:00+00:00,20664.5,20806.5,20145.2,20445.2,0,0
2025-04-10 17:00:00+00:00,20445.2,20747.17,20288.7,20690.66,0,0
2025-04-10 21:00:00+00:00,20690.66,20774.13,20413.7,20505.7,0,0
2025-04-11 01:00:00+00:00,20505.7,20763.2,20485.7,20725.7,0,0
2025-04-11 05:00:00+00:00,20725.7,20905.7,20174.7,20250.7,0,0
2025-04-11 09:00:00+00:00,20250.7,20493.4,20103.2,20315.9,0,0
2025-04-11 13:00:00+00:00,20315.9,20665.4,20174.9,20631.4,0,0
2025-04-11 17:00:00+00:00,20631.4,20781.9,20552.4,20697.4,0,0
2025-04-13 21:00:00+00:00,20697.4,20862.4,20697.4,20805.9,1,0
2025-04-14 01:00:00+00:00,20805.9,20848.9,20766.9,20817.9,0,0
2025-04-14 05:00:00+00:00,20817.9,20921.4,20698.9,20859.4,0,0
2025-04-14 09:00:00+00:00,20859.4,20958.9,20786.9,20944.9,0,0
2025-04-14 13:00:00+00:00,20944.9,21050.9,20766.4,20849.9,0,0
2025-04-14 17:00:00+00:00,20849.9,21023.9,20842.4,20937.32,0,0
2025-04-14 21:00:00+00:00,20937.32,20944.02,20860.4,20921.4,0,0
2025-04-15 01:00:00+00:00,20921.4,20992.4,20910.4,20971.9,0,0
2025-04-15 05:00:00+00:00,20971.9,21289.4,20922.4,21278.9,0,0
2025-04-15 09:00:00+00:00,21278.9,21278.9,21039.9,21161.9,0,1
2025-04-15 13:00:00+00:00,21161.9,21320.9,21137.4,21259.4,0,0
2025-04-15 17:00:00+00:00,21259.4,21298.9,21210.4,21259.46,0,0
2025-04-15 21:00:00+00:00,21259.46,21259.46,21128.65,21168.9,0,1
2025-04-16 01:00:00+00:00,21168.9,21185.9,21125.4,21150.4,0,0
2025-04-16 05:00:00+00:00,21150.4,21227.0,20953.5,21109.0,0,0
2025-04-16 09:00:00+00:00,21109.0,21232.0,21089.5,21168.0,0,0
2025-04-16 13:00:00+00:00,21168.0,21317.0,21104.5,21216.0,0,0
2025-04-16 17:00:00+00:00,21216.0,21275.5,21013.5,21089.22,0,0
2025-04-16 21:00:00+00:00,21089.22,21188.0,21081.59,21188.0,0,0
2025-04-17 01:00:00+00:00,21188.0,21327.0,21168.5,21315.5,0,0
2025-04-17 05:00:00+00:00,21315.5,21439.0,21192.8,21226.3,0,0
2025-04-17 09:00:00+00:00,21226.3,21292.8,21137.8,21195.3,0,0
2025-04-17 13:00:00+00:00,21195.3,21330.3,21142.8,21310.8,0,0
2025-04-17 17:00:00+00:00,21310.8,21334.3,21191.89,21242.06,0,0
2025-04-17 21:00:00+00:00,21242.06,21244.41,21242.06,21244.41,1,0
2025-04-20 21:00:00+00:00,21244.41,21244.41,21093.05,21124.23,0,1
2025-04-21 01:00:00+00:00,21124.23,21127.94,21044.82,21075.07,0,0
2025-04-21 05:00:00+00:00,21075.07,21103.33,21031.6,21052.44,0,0
2025-04-21 09:00:00+00:00,21052.44,21082.05,20990.87,21038.35,0,0
2025-04-21 13:00:00+00:00,21038.35,21060.13,20740.07,20761.52,0,0
2025-04-21 17:00:00+00:00,20761.52,20871.04,20674.71,20866.32,0,0
2025-04-21 21:00:00+00:00,20866.32,21045.8,20832.8,21043.8,0,0
2025-04-22 01:00:00+00:00,21043.8,21104.3,21033.3,21056.8,0,0
2025-04-22 05:00:00+00:00,21056.8,21192.5,21010.8,21177.0,0,0
2025-04-22 09:00:00+00:00,21177.0,21191.5,21040.0,21080.0,0,0
2025-04-22 13:00:00+00:00,21080.0,21447.5,21077.0,21403.5,0,0
2025-04-22 17:00:00+00:00,21403.5,21496.44,21325.0,21473.07,0,0
2025-04-22 21:00:00+00:00,21473.07,21784.5,21473.07,21756.0,1,0
2025-04-23 01:00:00+00:00,21756.0,21839.5,21715.0,21824.0,0,0
2025-04-23 05:00:00+00:00,21824.0,21980.5,21720.0,21944.0,0,0
2025-04-23 09:00:00+00:00,21944.0,21963.5,21755.9,21807.9,0,0
2025-04-23 13:00:00+00:00,21807.9,22069.9,21768.9,21942.9,0,0
2025-04-23 17:00:00+00:00,21942.9,22025.27,21871.4,21957.39,0,0
2025-04-23 21:00:00+00:00,21957.39,21986.4,21882.44,21961.4,0,0
2025-04-24 01:00:00+00:00,21961.4,21964.4,21900.9,21935.4,0,0
2025-04-24 05:00:00+00:00,21935.4,21962.9,21725.9,21797.4,0,0
2025-04-24 09:00:00+00:00,21797.4,21977.9,21791.9,21905.9,0,0
2025-04-24 13:00:00+00:00,21905.9,22094.4,21889.9,22080.4,0,0
2025-04-24 17:00:00+00:00,22080.4,22195.03,22062.4,22145.5,0,0
2025-04-24 21:00:00+00:00,22145.5,22192.93,22127.4,22155.4,0,0
2025-04-25 01:00:00+00:00,22155.4,22196.9,22108.4,22130.4,0,0
2025-04-25 05:00:00+00:00,22130.4,22219.4,22073.4,22189.4,0,0
2025-04-25 09:00:00+00:00,22189.4,22328.4,22151.9,22226.1,0,0
2025-04-25 13:00:00+00:00,22226.1,22332.1,22196.1,22316.6,0,0
2025-04-25 17:00:00+00:00,22316.6,22359.6,22246.1,22355.1,0,0
2025-04-27 21:00:00+00:00,22355.1,22355.1,22272.6,22280.6,0,1
2025-04-28 01:00:00+00:00,22280.6,22299.6,22245.1,22286.6,0,0
2025-04-28 05:00:00+00:00,22286.6,22379.1,22232.6,22367.6,0,0
2025-04-28 09:00:00+00:00,22367.6,22445.6,22319.6,22405.1,0,0
2025-04-28 13:00:00+00:00,22405.1,22433.6,22251.1,22267.6,0,0
2025-04-28 17:00:00+00:00,22267.6,22357.1,22234.6,22313.47,0,0
2025-04-28 21:00:00+00:00,22313.47,22347.49,22291.28,22339.6,0,0
2025-04-29 01:00:00+00:00,22339.6,22343.6,22292.6,22306.1,0,0
2025-04-29 05:00:00+00:00,22306.1,22431.6,22301.1,22415.1,0,0
2025-04-29 09:00:00+00:00,22415.1,22455.1,22370.6,22396.6,0,0
2025-04-29 13:00:00+00:00,22396.6,22473.6,22316.1,22429.6,0,0
2025-04-29 17:00:00+00:00,22429.6,22533.1,22422.6,22506.75,0,0
2025-04-29 21:00:00+00:00,22506.75,22518.1,22469.55,22495.1,0,0
2025-04-30 01:00:00+00:00,22495.1,22501.1,22455.1,22493.6,0,0
2025-04-30 05:00:00+00:00,22493.6,22609.6,22457.1,22505.6,0,0
2025-04-30 09:00:00+00:00,22505.6,22600.5,22315.4,22347.9,0,0
2025-04-30 13:00:00+00:00,22347.9,22503.4,22229.9,22496.9,0,0
2025-04-30 17:00:00+00:00,22496.9,22718.35,22460.4,22692.96,0,0
2025-04-30 21:00:00+00:00,22692.96,22741.96,22685.87,22706.39,0,0
2025-05-01 01:00:00+00:00,22706.39,22736.89,22694.8,22727.94,0,0
2025-05-01 05:00:00+00:00,22727.94,22755.8,22707.05,22752.39,0,0
2025-05-01 09:00:00+00:00,22752.39,22779.02,22706.16,22713.66,0,0
2025-05-01 13:00:00+00:00,22713.66,22830.11,22685.71,22706.53,0,0
2025-05-01 17:00:00+00:00,22706.53,22795.07,22625.06,22657.96,0,0
2025-05-01 21:00:00+00:00,22657.96,22770.4,22638.17,22756.9,0,0
2025-05-02 01:00:00+00:00,22756.9,22830.9,22725.4,22822.9,0,0
2025-05-02 05:00:00+00:00,22822.9,22864.9,22717.9,22802.9,0,0
2025-05-02 09:00:00+00:00,22802.9,23050.9,22790.9,23040.4,0,0
2025-05-02 13:00:00+00:00,23040.4,23147.4,22937.4,23122.4,0,0
2025-05-02 17:00:00+00:00,23122.4,23161.4,23102.4,23116.4,0,0
2025-05-04 21:00:00+00:00,23116.4,23116.4,23004.04,23059.9,0,1
2025-05-05 01:00:00+00:00,23059.9,23072.9,23002.4,23023.4,0,0
2025-05-05 05:00:00+00:00,23023.4,23200.4,23023.4,23155.9,1,0
2025-05-05 09:00:00+00:00,23155.9,23299.4,23138.4,23294.4,0,0
2025-05-05 13:00:00+00:00,23294.4,23398.0,23236.4,23373.0,0,0
2025-05-05 17:00:00+00:00,23373.0,23408.0,23320.06,23342.34,0,0
2025-05-05 21:00:00+00:00,23342.34,23350.38,23299.0,23309.0,0,0
2025-05-06 01:00:00+00:00,23309.0,23325.5,23271.0,23316.5,0,0
2025-05-06 05:00:00+00:00,23316.5,23428.5,23055.0,23069.0,0,0
2025-05-06 09:00:00+00:00,23069.0,23227.0,22852.5,23219.0,0,0
2025-05-06 13:00:00+00:00,23219.0,23287.0,23130.0,23209.0,0,0
2025-05-06 17:00:00+00:00,23209.0,23239.5,23132.08,23151.2,0,0
2025-05-06 21:00:00+00:00,23151.2,23392.06,23135.69,23327.0,0,0
2025-05-07 01:00:00+00:00,23327.0,23363.5,23233.5,23283.0,0,0
2025-05-07 05:00:00+00:00,23283.0,23324.5,23202.5,23230.5,0,0
2025-05-07 09:00:00+00:00,23230.5,23259.0,23129.5,23147.0,0,0
2025-05-07 13:00:00+00:00,23147.0,23199.5,23094.5,23139.0,0,0
2025-05-07 17:00:00+00:00,23139.0,23238.0,23030.5,23168.94,0,0
2025-05-07 21:00:00+00:00,23168.94,23239.0,23143.89,23222.5,0,0
2025-05-08 01:00:00+00:00,23222.5,23315.5,23210.5,23298.5,0,0
2025-05-08 05:00:00+00:00,23298.5,23361.0,23217.5,23337.0,0,0
2025-05-08 09:00:00+00:00,23337.0,23414.0,23231.5,23291.0,0,0
2025-05-08 13:00:00+00:00,23291.0,23462.5,23246.0,23452.5,0,0
2025-05-08 17:00:00+00:00,23452.5,23473.0,23370.0,23383.74,0,0
2025-05-08 21:00:00+00:00,23383.74,23402.11,23322.5,23344.0,0,0
2025-05-09 01:00:00+00:00,23344.0,23426.0,23341.0,23414.0,0,0
2025-05-09 05:00:00+00:00,23414.0,23529.0,23395.5,23446.5,0,0
2025-05-09 09:00:00+00:00,23446.5,23540.0,23424.0,23509.5,0,0
2025-05-09 13:00:00+00:00,23509.5,23547.5,23455.5,23469.5,0,0
2025-05-09 17:00:00+00:00,23469.5,23527.0,23456.0,23511.5,0,0
2025-05-11 21:00:00+00:00,23511.5,23752.3,23511.5,23671.5,1,0
2025-05-12 01:00:00+00:00,23671.5,23698.0,23639.0,23683.0,0,0
2025-05-12 05:00:00+00:00,23683.0,23928.5,23619.0,23734.5,0,0
2025-05-12 09:00:00+00:00,23734.5,23803.0,23564.5,23602.5,0,0
2025-05-12 13:00:00+00:00,23602.5,23618.5,23353.5,23586.0,0,0
2025-05-12 17:00:00+00:00,23586.0,23678.12,23586.0,23655.42,1,0
2025-05-12 21:00:00+00:00,23655.42,23658.28,23582.0,23586.5,0,0
2025-05-13 01:00:00+00:00,23586.5,23619.0,23488.0,23528.0,0,0
2025-05-13 05:00:00+00:00,23528.0,23649.0,23523.5,23559.0,0,0
2025-05-13 09:00:00+00:00,23559.0,23627.0,23550.0,23587.5,0,0
2025-05-13 13:00:00+00:00,23587.5,23658.0,23565.0,23619.0,0,0
2025-05-13 17:00:00+00:00,23619.0,23643.0,23564.59,23578.27,0,0
2025-05-13 21:00:00+00:00,23578.27,23614.94,23559.0,23562.0,0,0
2025-05-14 01:00:00+00:00,23562.0,23595.0,23523.0,23580.0,0,0
2025-05-14 05:00:00+00:00,23580.0,23695.5,23546.0,23546.5,0,0
2025-05-14 09:00:00+00:00,23546.5,23618.0,23438.5,23596.5,0,0
2025-05-14 13:00:00+00:00,23596.5,23606.5,23480.5,23496.0,0,0
2025-05-14 17:00:00+00:00,23496.0,23498.01,23448.0,23481.98,0,0
2025-05-14 21:00:00+00:00,23481.98,23485.5,23430.39,23457.5,0,0
2025-05-15 01:00:00+00:00,23457.5,23483.5,23447.5,23453.0,0,0
2025-05-15 05:00:00+00:00,23453.0,23502.0,23331.5,23459.5,0,0
2025-05-15 09:00:00+00:00,23459.5,23577.0,23423.5,23541.5,0,0
2025-05-15 13:00:00+00:00,23541.5,23722.0,23528.5,23721.0,0,0
2025-05-15 17:00:00+00:00,23721.0,23733.26,23677.0,23710.12,0,0
2025-05-15 21:00:00+00:00,23710.12,23739.5,23677.5,23678.0,0,0
2025-05-16 01:00:00+00:00,23678.0,23708.5,23669.0,23700.5,0,0
2025-05-16 05:00:00+00:00,23700.5,23888.0,23689.0,23835.5,0,0
2025-05-16 09:00:00+00:00,23835.5,23888.5,23705.0,23710.5,0,0
2025-05-16 13:00:00+00:00,23710.5,23805.5,23664.0,23792.5,0,0
2025-05-16 17:00:00+00:00,23792.5,23822.0,23790.5,23812.5,0,0
2025-05-18 21:00:00+00:00,23812.5,23812.5,23690.8,23769.0,0,1
2025-05-19 01:00:00+00:00,23769.0,23779.0,23708.0,23716.5,0,0
2025-05-19 05:00:00+00:00,23716.5,23760.0,23667.5,23703.5,0,0
2025-05-19 09:00:00+00:00,23703.5,23786.0,23672.0,23762.0,0,0
2025-05-19 13:00:00+00:00,23762.0,23988.0,23727.5,23984.0,0,0
2025-05-19 17:00:00+00:00,23984.0,24045.98,23980.0,24045.3,0,0
2025-05-19 21:00:00+00:00,24045.3,24084.48,24020.0,24027.0,0,0
2025-05-20 01:00:00+00:00,24027.0,24027.0,23985.5,23991.5,0,1
2025-05-20 05:00:00+00:00,23991.5,24007.0,23898.5,23977.5,0,0
2025-05-20 09:00:00+00:00,23977.5,24071.5,23975.5,24042.0,0,0
2025-05-20 13:00:00+00:00,24042.0,24083.0,24000.0,24066.5,0,0
2025-05-20 17:00:00+00:00,24066.5,24080.5,24000.0,24032.44,0,0
2025-05-20 21:00:00+00:00,24032.44,24040.5,23983.51,24032.0,0,0
2025-05-21 01:00:00+00:00,24032.0,24051.0,24000.0,24001.5,0,0
2025-05-21 05:00:00+00:00,24001.5,24055.5,23933.0,23973.5,0,0
2025-05-21 09:00:00+00:00,23973.5,24020.5,23869.5,23994.5,0,0
2025-05-21 13:00:00+00:00,23994.5,24161.0,23981.0,24115.0,0,0
2025-05-21 17:00:00+00:00,24115.0,24119.5,23878.5,23919.94,0,0
2025-05-21 21:00:00+00:00,23919.94,23976.5,23905.22,23974.5,0,0
2025-05-22 01:00:00+00:00,23974.5,24000.5,23940.0,23960.0,0,0
2025-05-22 05:00:00+00:00,23960.0,24042.0,23895.0,23958.0,0,0
2025-05-22 09:00:00+00:00,23958.0,23965.0,23839.0,23926.5,0,0
2025-05-22 13:00:00+00:00,23926.5,24045.5,23868.5,24000.0,0,0
2025-05-22 17:00:00+00:00,24000.0,24087.5,23992.5,24056.66,0,0
2025-05-22 21:00:00+00:00,24056.66,24074.5,24004.28,24073.0,0,0
2025-05-23 01:00:00+00:00,24073.0,24074.5,24014.0,24021.5,0,0
2025-05-23 05:00:00+00:00,24021.5,24144.5,23978.0,24104.0,0,0
2025-05-23 09:00:00+00:00,24104.0,24104.0,23268.0,23487.5,0,1
2025-05-23 13:00:00+00:00,23487.5,23676.5,23370.5,23600.0,0,0
2025-05-23 17:00:00+00:00,23600.0,23666.5,23564.0,23609.0,0,0
2025-05-25 21:00:00+00:00,23609.0,24001.5,23609.0,23926.0,1,0
2025-05-26 01:00:00+00:00,23926.0,24002.0,23898.5,23998.5,0,0
2025-05-26 05:00:00+00:00,23998.5,24045.0,23928.0,23982.5,0,0
2025-05-26 09:00:00+00:00,23982.5,24044.0,23956.0,23965.0,0,0
2025-05-26 13:00:00+00:00,23965.0,24030.0,23958.0,24011.0,0,0
2025-05-26 17:00:00+00:00,24011.0,24018.5,23996.0,24008.0,0,0
2025-05-26 21:00:00+00:00,24008.0,24008.0,23949.89,24006.0,0,1
2025-05-27 01:00:00+00:00,24006.0,24006.0,23956.0,23979.5,0,1
2025-05-27 05:00:00+00:00,23979.5,24174.5,23970.0,24167.0,0,0
2025-05-27 09:00:00+00:00,24167.0,24233.5,24153.0,24175.0,0,0
2025-05-27 13:00:00+00:00,24175.0,24302.5,24159.5,24270.0,0,0
2025-05-27 17:00:00+00:00,24270.0,24310.47,24247.5,24300.04,0,0
2025-05-27 21:00:00+00:00,24300.04,24303.97,24251.5,24277.5,0,0
2025-05-28 01:00:00+00:00,24277.5,24308.0,24226.5,24227.5,0,0
2025-05-28 05:00:00+00:00,24227.5,24328.0,24182.5,24183.5,0,0
2025-05-28 09:00:00+00:00,24183.5,24213.0,24071.5,24076.0,0,0
2025-05-28 13:00:00+00:00,24076.0,24161.5,24024.0,24085.0,0,0
2025-05-28 17:00:00+00:00,24085.0,24141.84,24048.84,24130.42,0,0
2025-05-28 21:00:00+00:00,24130.42,24362.63,24114.63,24269.5,0,0
2025-05-29 01:00:00+00:00,24269.5,24393.0,24230.0,24336.0,0,0
2025-05-29 05:00:00+00:00,24336.0,24370.5,24085.5,24153.0,0,0
2025-05-29 09:00:00+00:00,24153.0,24193.5,24015.0,24026.0,0,0
2025-05-29 13:00:00+00:00,24026.0,24058.5,23841.0,23944.0,0,0
2025-05-29 17:00:00+00:00,23944.0,23972.0,23886.5,23932.72,0,0
2025-05-29 21:00:00+00:00,23932.72,23960.0,23897.63,23954.0,0,0
2025-05-30 01:00:00+00:00,23954.0,23965.0,23901.0,23957.0,0,0
2025-05-30 05:00:00+00:00,23957.0,24155.5,23952.5,24122.0,0,0
2025-05-30 09:00:00+00:00,24122.0,24185.5,24017.5,24087.5,0,0
2025-05-30 13:00:00+00:00,24087.5,24138.0,23884.0,23917.0,0,0
2025-05-30 17:00:00+00:00,23917.0,24060.0,23908.0,24028.5,0,0
2025-06-01 21:00:00+00:00,24028.5,24028.5,23972.68,23999.5,0,1
2025-06-02 01:00:00+00:00,23999.5,24013.5,23943.0,23971.5,0,0
2025-06-02 05:00:00+00:00,23971.5,23990.0,23763.0,23918.5,0,0
2025-06-02 09:00:00+00:00,23918.5,23945.5,23826.5,23887.5,0,0
2025-06-02 13:00:00+00:00,23887.5,23975.5,23735.5,23973.0,0,0
2025-06-02 17:00:00+00:00,23973.0,24098.97,23968.5,24085.07,0,0
2025-06-02 21:00:00+00:00,24085.07,24086.23,24031.0,24041.5,0,0
2025-06-03 01:00:00+00:00,24041.5,24044.0,23973.0,23992.0,0,0
2025-06-03 05:00:00+00:00,23992.0,24057.5,23816.5,23938.0,0,0
2025-06-03 09:00:00+00:00,23938.0,23995.5,23915.5,23980.5,0,0
2025-06-03 13:00:00+00:00,23980.5,24120.5,23945.0,24117.5,0,0
2025-06-03 17:00:00+00:00,24117.5,24143.5,24099.0,24130.35,0,0
2025-06-03 21:00:00+00:00,24130.35,24164.84,24125.5,24134.5,0,0
2025-06-04 01:00:00+00:00,24134.5,24161.5,24130.0,24150.5,0,0
2025-06-04 05:00:00+00:00,24150.5,24326.0,24146.0,24303.0,0,0
2025-06-04 09:00:00+00:00,24303.0,24347.5,24152.5,24215.5,0,0
2025-06-04 13:00:00+00:00,24215.5,24288.5,24124.0,24273.0,0,0
2025-06-04 17:00:00+00:00,24273.0,24298.0,24250.06,24254.1,0,0
2025-06-04 21:00:00+00:00,24254.1,24291.5,24248.73,24276.0,0,0
2025-06-05 01:00:00+00:00,24276.0,24291.5,24263.0,24275.0,0,0
2025-06-05 05:00:00+00:00,24275.0,24400.0,24237.0,24359.0,0,0
2025-06-05 09:00:00+00:00,24359.0,24490.0,24309.0,24411.0,0,0
2025-06-05 13:00:00+00:00,24411.0,24426.0,24218.0,24238.0,0,0
2025-06-05 17:00:00+00:00,24238.0,24316.5,24180.5,24213.8,0,0
2025-06-05 21:00:00+00:00,24213.8,24286.0,24193.79,24278.0,0,0
2025-06-06 01:00:00+00:00,24278.0,24309.0,24251.5,24308.5,0,0
2025-06-06 05:00:00+00:00,24308.5,24324.5,24211.0,24272.5,0,0
2025-06-06 09:00:00+00:00,24272.5,24317.5,24241.0,24276.0,0,0
2025-06-06 13:00:00+00:00,24276.0,24354.0,24258.5,24278.5,0,0
2025-06-06 17:00:00+00:00,24278.5,24326.5,24264.0,24306.5,0,0
2025-06-08 21:00:00+00:00,24306.5,24334.24,24273.38,24302.0,0,0
2025-06-09 01:00:00+00:00,24302.0,24308.5,24253.0,24262.5,0,0
2025-06-09 05:00:00+00:00,24262.5,24297.0,24150.0,24238.5,0,0
2025-06-09 09:00:00+00:00,24238.5,24247.5,24095.5,24107.0,0,0
2025-06-09 13:00:00+00:00,24107.0,24191.5,24107.0,24177.0,1,0
2025-06-09 17:00:00+00:00,24177.0,24204.0,24131.56,24150.02,0,0
2025-06-09 21:00:00+00:00,24150.02,24177.0,24129.5,24169.0,0,0
2025-06-10 01:00:00+00:00,24169.0,24256.5,24165.5,24229.5,0,0
2025-06-10 05:00:00+00:00,24229.5,24245.0,23957.0,23987.5,0,0
2025-06-10 09:00:00+00:00,23987.5,24119.0,23967.5,24073.5,0,0
2025-06-10 13:00:00+00:00,24073.5,24122.0,23986.5,23998.0,0,0
2025-06-10 17:00:00+00:00,23998.0,24013.0,23952.5,23993.52,0,0
2025-06-10 21:00:00+00:00,23993.52,24030.97,23968.5,23972.0,0,0
2025-06-11 01:00:00+00:00,23972.0,23975.0,23860.5,23880.5,0,0
2025-06-11 05:00:00+00:00,23880.5,24089.5,23880.0,24052.0,0,0
2025-06-11 09:00:00+00:00,24052.0,24176.0,23962.5,24059.0,0,0
2025-06-11 13:00:00+00:00,24059.0,24075.0,23922.0,23955.0,0,0
2025-06-11 17:00:00+00:00,23955.0,23970.5,23830.5,23865.16,0,0
2025-06-11 21:00:00+00:00,23865.16,23881.28,23791.0,23801.0,0,0
2025-06-12 01:00:00+00:00,23801.0,23830.0,23764.5,23791.0,0,0
2025-06-12 05:00:00+00:00,23791.0,23814.0,23614.5,23705.5,0,0
2025-06-12 09:00:00+00:00,23705.5,23768.5,23628.5,23755.5,0,0
2025-06-12 13:00:00+00:00,23755.5,23888.0,23729.0,23767.5,0,0
2025-06-12 17:00:00+00:00,23767.5,23802.0,23745.0,23755.74,0,0
2025-06-12 21:00:00+00:00,23755.74,23758.56,23318.5,23372.5,0,0
2025-06-13 01:00:00+00:00,23372.5,23481.5,23305.5,23381.0,0,0
2025-06-13 05:00:00+00:00,23381.0,23560.5,23286.0,23386.0,0,0
2025-06-13 09:00:00+00:00,23386.0,23538.0,23382.0,23438.0,0,0
2025-06-13 13:00:00+00:00,23438.0,23565.0,23419.5,23531.5,0,0
2025-06-13 17:00:00+00:00,23531.5,23535.5,23377.5,23434.5,0,0
2025-06-15 21:00:00+00:00,23434.5,23496.61,23320.37,23439.0,0,0
2025-06-16 01:00:00+00:00,23439.0,23466.0,23402.5,23412.0,0,0
2025-06-16 05:00:00+00:00,23412.0,23615.5,23406.5,23605.0,0,0
2025-06-16 09:00:00+00:00,23605.0,23671.0,23545.5,23619.5,0,0
2025-06-16 13:00:00+00:00,23619.5,23716.0,23547.0,23627.5,0,0
2025-06-16 17:00:00+00:00,23627.5,23640.5,23574.5,23583.05,0,0
2025-06-16 21:00:00+00:00,23583.05,23592.72,23428.43,23513.0,0,0
2025-06-17 01:00:00+00:00,23513.0,23553.0,23447.0,23496.5,0,0
2025-06-17 05:00:00+00:00,23496.5,23559.5,23309.0,23448.5,0,0
2025-06-17 09:00:00+00:00,23448.5,23550.5,23359.0,23506.0,0,0
2025-06-17 13:00:00+00:00,23506.0,23524.0,23415.0,23420.0,0,0
2025-06-17 17:00:00+00:00,23420.0,23423.5,23294.5,23307.85,0,0
2025-06-17 21:00:00+00:00,23307.85,23359.5,23250.91,23349.0,0,0
2025-06-18 01:00:00+00:00,23349.0,23381.5,23303.0,23329.5,0,0
2025-06-18 05:00:00+00:00,23329.5,23507.5,23329.0,23452.0,0,0
2025-06-18 09:00:00+00:00,23452.0,23476.5,23284.0,23306.5,0,0
2025-06-18 13:00:00+00:00,23306.5,23430.0,23258.5,23318.0,0,0
2025-06-18 17:00:00+00:00,23318.0,23372.5,23265.0,23313.88,0,0
2025-06-18 21:00:00+00:00,23313.88,23324.0,23268.0,23281.5,0,0
2025-06-19 01:00:00+00:00,23281.5,23286.0,23213.0,23274.0,0,0
2025-06-19 05:00:00+00:00,23274.0,23283.0,23104.5,23193.0,0,0
2025-06-19 09:00:00+00:00,23193.0,23256.0,23124.0,23144.5,0,0
2025-06-19 13:00:00+00:00,23144.5,23188.0,23019.0,23041.0,0,0
2025-06-19 17:00:00+00:00,23041.0,23093.5,23024.5,23047.0,0,0
2025-06-19 21:00:00+00:00,23047.0,23181.5,23043.32,23167.5,0,0
2025-06-20 01:00:00+00:00,23167.5,23234.0,23140.0,23216.0,0,0
2025-06-20 05:00:00+00:00,23216.0,23307.5,23171.5,23225.5,0,0
2025-06-20 09:00:00+00:00,23225.5,23488.5,23213.0,23390.0,0,0
2025-06-20 13:00:00+00:00,23390.0,23419.0,23317.5,23355.5,0,0
2025-06-20 17:00:00+00:00,23355.5,23369.0,23281.0,23286.0,0,0
2025-06-22 21:00:00+00:00,23286.0,23286.0,23143.0,23217.0,0,1
2025-06-23 01:00:00+00:00,23217.0,23240.0,23188.0,23207.0,0,0
2025-06-23 05:00:00+00:00,23207.0,23393.5,23156.0,23341.5,0,0
2025-06-23 09:00:00+00:00,23341.5,23341.5,23076.0,23260.5,0,1
2025-06-23 13:00:00+00:00,23260.5,23316.0,23123.0,23183.0,0,0
2025-06-23 17:00:00+00:00,23183.0,23438.5,23176.0,23420.6,0,0
2025-06-23 21:00:00+00:00,23420.6,23580.5,23412.23,23542.5,0,0
2025-06-24 01:00:00+00:00,23542.5,23608.0,23516.5,23556.5,0,0
2025-06-24 05:00:00+00:00,23556.5,23775.5,23556.5,23755.0,1,0
2025-06-24 09:00:00+00:00,23755.0,23816.0,23658.0,23678.5,0,0
2025-06-24 13:00:00+00:00,23678.5,23699.5,23577.5,23666.5,0,0
2025-06-24 17:00:00+00:00,23666.5,23725.0,23661.5,23707.1,0,0
2025-06-24 21:00:00+00:00,23707.1,23746.0,23683.58,23711.5,0,0
2025-06-25 01:00:00+00:00,23711.5,23716.5,23688.5,23706.0,0,0
2025-06-25 05:00:00+00:00,23706.0,23756.0,23573.5,23608.5,0,0
2025-06-25 09:00:00+00:00,23608.5,23613.0,23496.5,23542.0,0,0
2025-06-25 13:00:00+00:00,23542.0,23561.5,23464.5,23498.0,0,0
2025-06-25 17:00:00+00:00,23498.0,23518.5,23461.5,23500.18,0,0
2025-06-25 21:00:00+00:00,23500.18,23535.0,23485.98,23521.0,0,0
2025-06-26 01:00:00+00:00,23521.0,23545.0,23490.5,23544.5,0,0
2025-06-26 05:00:00+00:00,23544.5,23693.5,23535.5,23677.0,0,0
2025-06-26 09:00:00+00:00,23677.0,23713.0,23546.0,23566.5,0,0
2025-06-26 13:00:00+00:00,23566.5,23685.0,23515.0,23663.5,0,0
2025-06-26 17:00:00+00:00,23663.5,23735.0,23663.5,23727.44,1,0
2025-06-26 21:00:00+00:00,23727.44,23805.5,23727.44,23755.5,1,0
2025-06-27 01:00:00+00:00,23755.5,23785.0,23734.5,23754.0,0,0
2025-06-27 05:00:00+00:00,23754.0,23888.5,23754.0,23866.5,1,0
2025-06-27 09:00:00+00:00,23866.5,23872.0,23781.5,23833.5,0,0
2025-06-27 13:00:00+00:00,23833.5,24103.5,23823.5,24084.5,0,0
2025-06-27 17:00:00+00:00,24084.5,24094.0,23987.5,24079.0,0,0
2025-06-29 21:00:00+00:00,24079.0,24176.31,24079.0,24114.5,1,0
2025-06-30 01:00:00+00:00,24114.5,24115.0,24075.5,24100.5,0,0
2025-06-30 05:00:00+00:00,24100.5,24174.5,23967.0,23969.0,0,0
2025-06-30 09:00:00+00:00,23969.0,24033.5,23949.0,23956.5,0,0
2025-06-30 13:00:00+00:00,23956.5,23968.0,23850.0,23925.5,0,0
2025-06-30 17:00:00+00:00,23925.5,23961.0,23878.0,23918.8,0,0
2025-06-30 21:00:00+00:00,23918.8,23964.0,23904.64,23963.5,0,0
2025-07-01 01:00:00+00:00,23963.5,23995.5,23955.0,23970.0,0,0
2025-07-01 05:00:00+00:00,23970.0,23983.5,23812.0,23862.5,0,0
2025-07-01 09:00:00+00:00,23862.5,23875.0,23678.5,23716.0,0,0
2025-07-01 13:00:00+00:00,23716.0,23819.0,23632.5,23680.5,0,0
2025-07-01 17:00:00+00:00,23680.5,23746.5,23680.5,23704.0,1,0
2025-07-01 21:00:00+00:00,23704.0,23756.0,23697.28,23756.0,0,0
2025-07-02 01:00:00+00:00,23756.0,23857.0,23727.0,23838.0,0,0
2025-07-02 05:00:00+00:00,23838.0,23838.0,23704.5,23742.5,0,1
2025-07-02 09:00:00+00:00,23742.5,23793.0,23610.5,23694.0,0,0
2025-07-02 13:00:00+00:00,23694.0,23806.0,23683.0,23792.0,0,0
2025-07-02 17:00:00+00:00,23792.0,23818.43,23774.0,23813.0,0,0
2025-07-02 21:00:00+00:00,23813.0,23835.5,23805.07,23820.5,0,0
2025-07-03 01:00:00+00:00,23820.5,23850.0,23797.0,23836.0,0,0
2025-07-03 05:00:00+00:00,23836.0,23897.0,23804.0,23808.5,0,0
2025-07-03 09:00:00+00:00,23808.5,23942.5,23757.5,23868.5,0,0
2025-07-03 13:00:00+00:00,23868.5,23952.0,23845.5,23924.0,0,0
2025-07-03 17:00:00+00:00,23924.0,23939.0,23910.0,23925.5,0,0
2025-07-03 21:00:00+00:00,23925.5,23927.94,23866.0,23891.5,0,0
2025-07-04 01:00:00+00:00,23891.5,23909.5,23827.0,23837.0,0,0
2025-07-04 05:00:00+00:00,23837.0,23870.0,23701.5,23722.5,0,0
2025-07-04 09:00:00+00:00,23722.5,23796.0,23718.5,23758.0,0,0
2025-07-04 13:00:00+00:00,23758.0,23837.0,23746.0,23753.5,0,0
2025-07-04 17:00:00+00:00,23753.5,23789.5,23730.0,23754.5,0,0
2025-07-06 21:00:00+00:00,23754.5,23900.0,23754.5,23861.0,1,0
2025-07-07 01:00:00+00:00,23861.0,23868.0,23795.5,23833.5,0,0
2025-07-07 05:00:00+00:00,23833.5,23895.5,23798.0,23879.5,0,0
2025-07-07 09:00:00+00:00,23879.5,24008.5,23863.5,23955.5,0,0
2025-07-07 13:00:00+00:00,23955.5,24082.5,23928.0,24001.5,0,0
2025-07-07 17:00:00+00:00,24001.5,24129.5,23941.55,23953.79,0,0
2025-07-07 21:00:00+00:00,23953.79,24041.0,23934.81,24031.0,0,0
2025-07-08 01:00:00+00:00,24031.0,24040.0,23998.5,24014.0,0,0
2025-07-08 05:00:00+00:00,24014.0,24153.0,24009.0,24097.0,0,0
2025-07-08 09:00:00+00:00,24097.0,24189.0,24075.0,24116.5,0,0
2025-07-08 13:00:00+00:00,24116.5,24278.5,24116.5,24228.5,1,0
2025-07-08 17:00:00+00:00,24228.5,24264.5,24219.5,24240.64,0,0
2025-07-08 21:00:00+00:00,24240.64,24254.42,24198.5,24215.0,0,0
2025-07-09 01:00:00+00:00,24215.0,24250.0,24198.5,24242.0,0,0
2025-07-09 05:00:00+00:00,24242.0,24413.5,24214.0,24386.0,0,0
2025-07-09 09:00:00+00:00,24386.0,24528.0,24375.0,24522.5,0,0
2025-07-09 13:00:00+00:00,24522.5,24612.0,24508.5,24572.5,0,0
2025-07-09 17:00:00+00:00,24572.5,24636.0,24569.5,24622.06,0,0
2025-07-09 21:00:00+00:00,24622.06,24644.73,24574.0,24579.0,0,0
2025-07-10 01:00:00+00:00,24579.0,24607.5,24565.0,24588.0,0,0
2025-07-10 05:00:00+00:00,24588.0,24648.5,24553.5,24601.5,0,0
2025-07-10 09:00:00+00:00,24601.5,24612.0,24528.5,24563.0,0,0
2025-07-10 13:00:00+00:00,24563.0,24575.5,24429.0,24433.0,0,0
2025-07-10 17:00:00+00:00,24433.0,24470.0,24431.0,24445.9,0,0
2025-07-10 21:00:00+00:00,24445.9,24480.61,24272.5,24314.0,0,0
2025-07-11 01:00:00+00:00,24314.0,24404.0,24288.0,24391.0,0,0
2025-07-11 05:00:00+00:00,24391.0,24421.0,24205.5,24229.5,0,0
2025-07-11 09:00:00+00:00,24229.5,24266.5,24164.5,24260.5,0,0
2025-07-11 13:00:00+00:00,24260.5,24296.0,24198.0,24235.0,0,0
2025-07-11 17:00:00+00:00,24235.0,24260.5,24210.0,24224.0,0,0
2025-07-13 21:00:00+00:00,24224.0,24224.0,24061.22,24080.5,0,1
2025-07-14 01:00:00+00:00,24080.5,24096.0,24045.5,24080.5,0,0
2025-07-14 05:00:00+00:00,24080.5,24098.5,23967.5,24083.0,0,0
2025-07-14 09:00:00+00:00,24083.0,24104.0,23975.5,24029.0,0,0
2025-07-14 13:00:00+00:00,24029.0,24205.5,24012.0,24203.0,0,0
2025-07-14 17:00:00+00:00,24203.0,24239.0,24203.0,24219.61,1,0
2025-07-14 21:00:00+00:00,24219.61,24226.5,24189.19,24196.5,0,0
2025-07-15 01:00:00+00:00,24196.5,24296.0,24172.0,24212.5,0,0
2025-07-15 05:00:00+00:00,24212.5,24277.5,24180.0,24239.5,0,0
2025-07-15 09:00:00+00:00,24239.5,24241.5,24160.5,24198.0,0,0
2025-07-15 13:00:00+00:00,24198.0,24248.5,24058.5,24061.5,0,0
2025-07-15 17:00:00+00:00,24061.5,24101.0,24007.47,24010.35,0,0
2025-07-15 21:00:00+00:00,24010.35,24033.0,23981.92,24027.5,0,0
2025-07-16 01:00:00+00:00,24027.5,24049.0,24015.0,24022.0,0,0
2025-07-16 05:00:00+00:00,24022.0,24119.0,23925.5,24100.5,0,0
2025-07-16 09:00:00+00:00,24100.5,24210.5,24065.0,24183.0,0,0
2025-07-16 13:00:00+00:00,24183.0,24206.5,23968.5,24134.5,0,0
2025-07-16 17:00:00+00:00,24134.5,24201.5,24131.0,24185.22,0,0
2025-07-16 21:00:00+00:00,24185.22,24195.0,24160.0,24187.5,0,0
2025-07-17 01:00:00+00:00,24187.5,24202.5,24165.5,24201.5,0,0
2025-07-17 05:00:00+00:00,24201.5,24323.0,24194.0,24218.5,0,0
2025-07-17 09:00:00+00:00,24218.5,24246.5,24176.5,24242.0,0,0
2025-07-17 13:00:00+00:00,24242.0,24389.0,24237.0,24345.0,0,0
2025-07-17 17:00:00+00:00,24345.0,24423.5,24340.0,24406.17,0,0
2025-07-17 21:00:00+00:00,24406.17,24447.5,24393.34,24432.5,0,0
2025-07-18 01:00:00+00:00,24432.5,24494.0,24420.5,24487.0,0,0
2025-07-18 05:00:00+00:00,24487.0,24500.0,24431.0,24463.5,0,0
2025-07-18 09:00:00+00:00,24463.5,24479.5,24280.0,24342.5,0,0
2025-07-18 13:00:00+00:00,24342.5,24371.0,24194.0,24221.0,0,0
2025-07-18 17:00:00+00:00,24221.0,24233.0,24170.5,24201.5,0,0
2025-07-20 21:00:00+00:00,24201.5,24243.5,24190.77,24230.5,0,0
2025-07-21 01:00:00+00:00,24230.5,24238.0,24180.0,24220.5,0,0
2025-07-21 05:00:00+00:00,24220.5,24333.0,24197.5,24299.0,0,0
2025-07-21 09:00:00+00:00,24299.0,24311.0,24201.5,24222.0,0,0
2025-07-21 13:00:00+00:00,24222.0,24313.0,24188.0,24284.5,0,0
2025-07-21 17:00:00+00:00,24284.5,24295.5,24227.5,24256.72,0,0
2025-07-21 21:00:00+00:00,24256.72,24274.0,24246.03,24260.5,0,0
2025-07-22 01:00:00+00:00,24260.5,24266.0,24171.0,24192.5,0,0
2025-07-22 05:00:00+00:00,24192.5,24246.0,24106.5,24114.0,0,0
2025-07-22 09:00:00+00:00,24114.0,24124.5,23992.0,24054.0,0,0
2025-07-22 13:00:00+00:00,24054.0,24115.5,23912.5,24036.0,0,0
2025-07-22 17:00:00+00:00,24036.0,24105.5,24032.0,24073.29,0,0
2025-07-22 21:00:00+00:00,24073.29,24140.0,24064.36,24114.0,0,0
2025-07-23 01:00:00+00:00,24114.0,24314.5,24105.0,24289.5,0,0
2025-07-23 05:00:00+00:00,24289.5,24323.0,24159.0,24277.0,0,0
2025-07-23 09:00:00+00:00,24277.0,24296.5,24126.5,24203.0,0,0
2025-07-23 13:00:00+00:00,24203.0,24524.5,24120.5,24439.0,0,0
2025-07-23 17:00:00+00:00,24439.0,24551.56,24413.5,24527.37,0,0
2025-07-23 21:00:00+00:00,24527.37,24549.0,24508.44,24537.0,0,0
2025-07-24 01:00:00+00:00,24537.0,24568.5,24491.0,24508.0,0,0
2025-07-24 05:00:00+00:00,24508.0,24555.0,24439.5,24480.7,0,0
2025-07-24 09:00:00+00:00,24480.7,24494.2,24320.7,24359.2,0,0
2025-07-24 13:00:00+00:00,24359.2,24363.2,24235.2,24269.7,0,0
2025-07-24 17:00:00+00:00,24269.7,24303.2,24235.86,24266.81,0,0
2025-07-24 21:00:00+00:00,24266.81,24291.4,24264.39,24285.2,0,0
2025-07-25 01:00:00+00:00,24285.2,24308.7,24256.2,24259.2,0,0
2025-07-25 05:00:00+00:00,24259.2,24277.2,24062.2,24140.7,0,0
2025-07-25 09:00:00+00:00,24140.7,24208.7,24098.2,24127.7,0,0
2025-07-25 13:00:00+00:00,24127.7,24256.7,24073.7,24256.7,0,0
2025-07-25 17:00:00+00:00,24256.7,24318.2,24255.7,24308.7,0,0
2025-07-27 21:00:00+00:00,24308.7,24467.2,24308.7,24464.7,1,0
2025-07-28 01:00:00+00:00,24464.7,24492.2,24445.7,24476.7,0,0
2025-07-28 05:00:00+00:00,24476.7,24563.2,24279.7,24285.2,0,0
2025-07-28 09:00:00+00:00,24285.2,24319.2,24129.7,24177.7,0,0
2025-07-28 13:00:00+00:00,24177.7,24184.2,23940.2,23955.7,0,0
2025-07-28 17:00:00+00:00,23955.7,23985.63,23925.2,23978.82,0,0
2025-07-28 21:00:00+00:00,23978.82,23994.7,23963.7,23979.2,0,0
2025-07-29 01:00:00+00:00,23979.2,24022.7,23965.2,23995.7,0,0
2025-07-29 05:00:00+00:00,23995.7,24234.2,23990.7,24229.2,0,0
2025-07-29 09:00:00+00:00,24229.2,24313.2,24192.7,24272.2,0,0
2025-07-29 13:00:00+00:00,24272.2,24300.2,24173.2,24262.2,0,0
2025-07-29 17:00:00+00:00,24262.2,24272.7,24182.2,24211.8,0,0
2025-07-29 21:00:00+00:00,24211.8,24243.7,24211.8,24228.2,1,0
2025-07-30 01:00:00+00:00,24228.2,24274.7,24182.7,24265.7,0,0
2025-07-30 05:00:00+00:00,24265.7,24289.2,24132.2,24217.7,0,0
2025-07-30 09:00:00+00:00,24217.7,24283.2,24209.7,24243.7,0,0
2025-07-30 13:00:00+00:00,24243.7,24308.2,24225.7,24284.2,0,0
2025-07-30 17:00:00+00:00,24284.2,24376.4,24168.2,24305.35,0,0
2025-07-30 21:00:00+00:00,24305.35,24363.8,24295.2,24315.2,0,0
2025-07-31 01:00:00+00:00,24315.2,24354.7,24298.7,24342.2,0,0
2025-07-31 05:00:00+00:00,24342.2,24433.7,24280.7,24347.7,0,0
2025-07-31 09:00:00+00:00,24347.7,24361.7,24188.7,24194.7,0,0
2025-07-31 13:00:00+00:00,24194.7,24233.7,24033.7,24086.2,0,0
2025-07-31 17:00:00+00:00,24086.2,24086.2,23965.2,24018.07,0,1
2025-07-31 21:00:00+00:00,24018.07,24032.55,23820.2,23975.2,0,0
2025-08-01 01:00:00+00:00,23975.2,24029.7,23914.7,23950.2,0,0
2025-08-01 05:00:00+00:00,23950.2,23965.7,23615.2,23652.7,0,0
2025-08-01 09:00:00+00:00,23652.7,23714.7,23528.7,23552.7,0,0
2025-08-01 13:00:00+00:00,23552.7,23569.2,23377.2,23413.7,0,0
2025-08-01 17:00:00+00:00,23413.7,23486.7,23386.7,23444.7,0,0
2025-08-03 21:00:00+00:00,23444.7,23527.7,23403.01,23518.7,0,0
2025-08-04 01:00:00+00:00,23518.7,23594.7,23493.2,23546.7,0,0
2025-08-04 05:00:00+00:00,23546.7,23743.2,23476.7,23740.7,0,0
2025-08-04 09:00:00+00:00,23740.7,23788.2,23682.2,23774.2,0,0
2025-08-04 13:00:00+00:00,23774.2,23775.2,23684.7,23758.7,0,0
2025-08-04 17:00:00+00:00,23758.7,23844.99,23754.2,23842.29,0,0
2025-08-04 21:00:00+00:00,23842.29,23851.2,23787.7,23830.2,0,0
2025-08-05 01:00:00+00:00,23830.2,23844.7,23792.2,23829.2,0,0
2025-08-05 05:00:00+00:00,23829.2,23937.2,23811.7,23860.7,0,0
2025-08-05 09:00:00+00:00,23860.7,23983.7,23823.2,23952.2,0,0
2025-08-05 13:00:00+00:00,23952.2,23966.7,23784.7,23863.7,0,0
2025-08-05 17:00:00+00:00,23863.7,23917.2,23854.7,23868.17,0,0
2025-08-05 21:00:00+00:00,23868.17,23882.7,23839.16,23851.7,0,0
2025-08-06 01:00:00+00:00,23851.7,23931.2,23835.2,23926.2,0,0
2025-08-06 05:00:00+00:00,23926.2,24041.2,23880.2,23886.7,0,0
2025-08-06 09:00:00+00:00,23886.7,23920.7,23803.7,23850.2,0,0
2025-08-06 13:00:00+00:00,23850.2,23973.2,23841.2,23925.2,0,0
2025-08-06 17:00:00+00:00,23925.2,23973.2,23915.7,23947.58,0,0
2025-08-06 21:00:00+00:00,23947.58,24004.72,23910.2,23935.2,0,0
2025-08-07 01:00:00+00:00,23935.2,23991.7,23928.2,23989.7,0,0
2025-08-07 05:00:00+00:00,23989.7,24257.2,23905.2,24225.7,0,0
2025-08-07 09:00:00+00:00,24225.7,24393.7,24211.2,24344.7,0,0
2025-08-07 13:00:00+00:00,24344.7,24352.2,24128.0,24161.0,0,0
2025-08-07 17:00:00+00:00,24161.0,24217.86,24092.0,24211.79,0,0
2025-08-07 21:00:00+00:00,24211.79,24306.5,24209.72,24288.5,0,0
2025-08-08 01:00:00+00:00,24288.5,24295.5,24232.0,24239.5,0,0
2025-08-08 05:00:00+00:00,24239.5,24254.0,24090.5,24134.5,0,0
2025-08-08 09:00:00+00:00,24134.5,24219.0,24124.0,24175.0,0,0
2025-08-08 13:00:00+00:00,24175.0,24272.0,24107.5,24171.5,0,0
2025-08-08 17:00:00+00:00,24171.5,24225.5,24161.5,24224.5,0,0
2025-08-10 21:00:00+00:00,24224.5,24265.5,24209.93,24256.0,0,0
2025-08-11 01:00:00+00:00,24256.0,24285.5,24242.5,24254.0,0,0
2025-08-11 05:00:00+00:00,24254.0,24281.0,24047.5,24056.5,0,0
2025-08-11 09:00:00+00:00,24056.5,24158.0,24053.5,24081.0,0,0
2025-08-11 13:00:00+00:00,24081.0,24118.0,24025.0,24068.0,0,0
2025-08-11 17:00:00+00:00,24068.0,24104.0,24050.5,24078.06,0,0
2025-08-11 21:00:00+00:00,24078.06,24144.5,24069.66,24121.5,0,0
2025-08-12 01:00:00+00:00,24121.5,24194.0,24107.0,24190.5,0,0
2025-08-12 05:00:00+00:00,24190.5,24194.5,24046.0,24056.0,0,0
2025-08-12 09:00:00+00:00,24056.0,24087.0,23942.0,24033.0,0,0
2025-08-12 13:00:00+00:00,24033.0,24069.0,23955.5,24058.0,0,0
2025-08-12 17:00:00+00:00,24058.0,24142.81,24053.0,24140.0,0,0
2025-08-12 21:00:00+00:00,24140.0,24148.62,24121.5,24133.0,0,0
2025-08-13 01:00:00+00:00,24133.0,24180.5,24098.5,24169.0,0,0
2025-08-13 05:00:00+00:00,24169.0,24239.0,24071.0,24239.0,0,0
2025-08-13 09:00:00+00:00,24239.0,24250.5,24188.0,24196.5,0,0
2025-08-13 13:00:00+00:00,24196.5,24236.5,24150.0,24195.5,0,0
2025-08-13 17:00:00+00:00,24195.5,24225.11,24166.5,24199.86,0,0
2025-08-13 21:00:00+00:00,24199.86,24232.0,24182.5,24195.0,0,0
2025-08-14 01:00:00+00:00,24195.0,24197.5,24165.0,24175.0,0,0
2025-08-14 05:00:00+00:00,24175.0,24309.0,24118.5,24231.0,0,0
2025-08-14 09:00:00+00:00,24231.0,24366.5,24229.0,24282.5,0,0
2025-08-14 13:00:00+00:00,24282.5,24414.0,24261.5,24404.5,0,0
2025-08-14 17:00:00+00:00,24404.5,24437.5,24392.5,24430.32,0,0
2025-08-14 21:00:00+00:00,24430.32,24449.5,24416.33,24441.0,0,0
2025-08-15 01:00:00+00:00,24441.0,24461.5,24435.0,24457.0,0,0
2025-08-15 05:00:00+00:00,24457.0,24540.5,24428.5,24450.5,0,0
2025-08-15 09:00:00+00:00,24450.5,24510.5,24356.0,24380.0,0,0
2025-08-15 13:00:00+00:00,24380.0,24411.0,24326.5,24348.0,0,0
2025-08-15 17:00:00+00:00,24348.0,24382.5,24338.0,24380.0,0,0
2025-08-17 21:00:00+00:00,24380.0,24449.5,24380.0,24407.0,1,0
2025-08-18 01:00:00+00:00,24407.0,24432.0,24399.5,24426.0,0,0
2025-08-18 05:00:00+00:00,24426.0,24447.0,24240.5,24304.5,0,0
2025-08-18 09:00:00+00:00,24304.5,24320.0,24255.5,24297.0,0,0
2025-08-18 13:00:00+00:00,24297.0,24343.5,24244.5,24303.5,0,0
2025-08-18 17:00:00+00:00,24303.5,24365.0,24302.5,24349.63,0,0
2025-08-18 21:00:00+00:00,24349.63,24388.72,24344.0,24367.5,0,0
2025-08-19 01:00:00+00:00,24367.5,24379.5,24326.5,24337.0,0,0
2025-08-19 05:00:00+00:00,24337.0,24384.0,24281.0,24380.5,0,0
2025-08-19 09:00:00+00:00,24380.5,24429.0,24348.5,24404.0,0,0
2025-08-19 13:00:00+00:00,24404.0,24444.5,24328.0,24348.5,0,0
2025-08-19 17:00:00+00:00,24348.5,24374.5,24319.5,24354.69,0,0
2025-08-19 21:00:00+00:00,24354.69,24362.59,24298.0,24310.5,0,0
2025-08-20 01:00:00+00:00,24310.5,24320.0,24264.5,24285.0,0,0
2025-08-20 05:00:00+00:00,24285.0,24339.0,24208.5,24325.5,0,0
2025-08-20 09:00:00+00:00,24325.5,24372.0,24317.0,24317.5,0,0
2025-08-20 13:00:00+00:00,24317.5,24327.0,24217.0,24254.5,0,0
2025-08-20 17:00:00+00:00,24254.5,24305.5,24231.0,24297.08,0,0
2025-08-20 21:00:00+00:00,24297.08,24322.0,24282.79,24302.5,0,0
2025-08-21 01:00:00+00:00,24302.5,24328.0,24281.5,24282.0,0,0
2025-08-21 05:00:00+00:00,24282.0,24311.5,24233.0,24252.5,0,0
2025-08-21 09:00:00+00:00,24252.5,24258.5,24173.5,24194.5,0,0
2025-08-21 13:00:00+00:00,24194.5,24307.0,24190.5,24257.0,0,0
2025-08-21 17:00:00+00:00,24257.0,24289.5,24230.5,24284.14,0,0
2025-08-21 21:00:00+00:00,24284.14,24310.27,24258.0,24291.5,0,0
2025-08-22 01:00:00+00:00,24291.5,24306.5,24270.5,24274.5,0,0
2025-08-22 05:00:00+00:00,24274.5,24338.5,24199.5,24335.5,0,0
2025-08-22 09:00:00+00:00,24335.5,24336.0,24276.0,24286.5,0,0
2025-08-22 13:00:00+00:00,24286.5,24449.5,24282.5,24339.5,0,0
2025-08-22 17:00:00+00:00,24339.5,24376.0,24339.5,24352.0,1,0
2025-08-24 21:00:00+00:00,24352.0,24370.85,24329.0,24333.5,0,0
2025-08-25 01:00:00+00:00,24333.5,24335.5,24279.5,24291.5,0,0
2025-08-25 05:00:00+00:00,24291.5,24313.5,24214.0,24271.0,0,0
2025-08-25 09:00:00+00:00,24271.0,24334.0,24253.5,24326.0,0,0
2025-08-25 13:00:00+00:00,24326.0,24379.0,24232.0,24286.0,0,0
2025-08-25 17:00:00+00:00,24286.0,24294.5,24256.26,24279.97,0,0
2025-08-25 21:00:00+00:00,24279.97,24292.12,24084.0,24150.0,0,0
2025-08-26 01:00:00+00:00,24150.0,24192.0,24105.0,24134.0,0,0
2025-08-26 05:00:00+00:00,24134.0,24215.5,24032.5,24158.5,0,0
2025-08-26 09:00:00+00:00,24158.5,24228.0,24122.5,24203.5,0,0
2025-08-26 13:00:00+00:00,24203.5,24266.5,24159.5,24184.0,0,0
2025-08-26 17:00:00+00:00,24184.0,24227.84,24173.5,24226.3,0,0
2025-08-26 21:00:00+00:00,24226.3,24230.0,24211.5,24228.0,0,0
2025-08-27 01:00:00+00:00,24228.0,24252.0,24226.5,24242.0,0,0
2025-08-27 05:00:00+00:00,24242.0,24242.5,24011.0,24070.0,0,0
2025-08-27 09:00:00+00:00,24070.0,24153.5,24044.0,24066.0,0,0
2025-08-27 13:00:00+00:00,24066.0,24082.0,23975.5,24036.0,0,0
2025-08-27 17:00:00+00:00,24036.0,24082.04,23958.23,24032.83,0,0
2025-08-27 21:00:00+00:00,24032.83,24062.0,23977.0,24061.5,0,0
2025-08-28 01:00:00+00:00,24061.5,24120.0,24052.0,24094.5,0,0
2025-08-28 05:00:00+00:00,24094.5,24205.5,24061.0,24091.5,0,0
2025-08-28 09:00:00+00:00,24091.5,24101.5,23971.5,24084.5,0,0
2025-08-28 13:00:00+00:00,24084.5,24105.5,24021.5,24061.5,0,0
2025-08-28 17:00:00+00:00,24061.5,24074.5,24037.88,24044.11,0,0
2025-08-28 21:00:00+00:00,24044.11,24065.0,24033.45,24047.5,0,0
2025-08-29 01:00:00+00:00,24047.5,24050.0,23981.0,24007.5,0,0
2025-08-29 05:00:00+00:00,24007.5,24050.0,23879.5,23899.0,0,0
2025-08-29 09:00:00+00:00,23899.0,24034.5,23886.5,24034.0,0,0
2025-08-29 13:00:00+00:00,24034.0,24069.0,23894.0,23954.5,0,0
2025-08-29 17:00:00+00:00,23954.5,23962.0,23928.0,23936.0,0,0
2025-08-31 21:00:00+00:00,23936.0,24027.5,23936.0,24012.0,1,0
2025-09-01 01:00:00+00:00,24012.0,24013.0,23930.5,23957.0,0,0
2025-09-01 05:00:00+00:00,23957.0,24050.5,23938.5,24029.5,0,0
2025-09-01 09:00:00+00:00,24029.5,24029.5,23964.0,24014.5,0,1
2025-09-01 13:00:00+00:00,24014.5,24042.5,23977.5,24028.0,0,0
2025-09-01 17:00:00+00:00,24028.0,24048.5,24020.5,24047.0,0,0
2025-09-01 21:00:00+00:00,24047.0,24088.5,23992.67,24086.5,0,0
2025-09-02 01:00:00+00:00,24086.5,24101.5,23989.5,24011.0,0,0
2025-09-02 05:00:00+00:00,24011.0,24011.0,23748.5,23789.0,0,1
2025-09-02 09:00:00+00:00,23789.0,23791.5,23538.0,23563.5,0,0
2025-09-02 13:00:00+00:00,23563.5,23667.0,23476.5,23539.5,0,0
2025-09-02 17:00:00+00:00,23539.5,23664.45,23533.5,23658.45,0,0
2025-09-02 21:00:00+00:00,23658.45,23661.33,23607.7,23645.5,0,0
2025-09-03 01:00:00+00:00,23645.5,23645.5,23563.5,23568.0,0,1
2025-09-03 05:00:00+00:00,23568.0,23639.5,23504.5,23623.0,0,0
2025-09-03 09:00:00+00:00,23623.0,23710.5,23579.0,23582.0,0,0
2025-09-03 13:00:00+00:00,23582.0,23635.0,23548.5,23569.0,0,0
2025-09-03 17:00:00+00:00,23569.0,23615.48,23539.5,23609.3,0,0
2025-09-03 21:00:00+00:00,23609.3,23642.5,23592.68,23638.0,0,0
2025-09-04 01:00:00+00:00,23638.0,23638.0,23566.5,23635.0,0,1
2025-09-04 05:00:00+00:00,23635.0,23714.5,23594.0,23651.5,0,0
2025-09-04 09:00:00+00:00,23651.5,23806.0,23651.0,23757.5,0,0
2025-09-04 13:00:00+00:00,23757.5,23801.0,23728.5,23775.5,0,0
2025-09-04 17:00:00+00:00,23775.5,23839.79,23775.5,23824.81,1,0
2025-09-04 21:00:00+00:00,23824.81,23848.0,23821.5,23827.0,0,0
2025-09-05 01:00:00+00:00,23827.0,23845.5,23816.5,23833.0,0,0
2025-09-05 05:00:00+00:00,23833.0,23896.5,23757.0,23804.0,0,0
2025-09-05 09:00:00+00:00,23804.0,23852.0,23744.0,23815.0,0,0
2025-09-05 13:00:00+00:00,23815.0,23835.5,23547.0,23612.0,0,0
2025-09-05 17:00:00+00:00,23612.0,23670.0,23575.5,23655.0,0,0
2025-09-07 21:00:00+00:00,23655.0,23739.0,23620.14,23711.0,0,0
2025-09-08 01:00:00+00:00,23711.0,23728.5,23688.0,23692.5,0,0
2025-09-08 05:00:00+00:00,23692.5,23800.5,23668.5,23745.5,0,0
2025-09-08 09:00:00+00:00,23745.5,23777.5,23653.5,23688.0,0,0
2025-09-08 13:00:00+00:00,23688.0,23833.5,23684.5,23789.5,0,0
2025-09-08 17:00:00+00:00,23789.5,23798.5,23759.5,23795.37,0,0
2025-09-08 21:00:00+00:00,23795.37,23822.29,23768.5,23776.5,0,0
2025-09-09 01:00:00+00:00,23776.5,23786.5,23748.5,23767.0,0,0
2025-09-09 05:00:00+00:00,23767.0,23861.5,23663.0,23676.0,0,0
2025-09-09 09:00:00+00:00,23676.0,23756.5,23647.0,23677.0,0,0
2025-09-09 13:00:00+00:00,23677.0,23740.5,23632.0,23725.5,0,0
2025-09-09 17:00:00+00:00,23725.5,23824.59,23723.0,23810.32,0,0
2025-09-09 21:00:00+00:00,23810.32,23846.5,23794.0,23840.5,0,0
2025-09-10 01:00:00+00:00,23840.5,23847.5,23796.0,23808.0,0,0
2025-09-10 05:00:00+00:00,23808.0,23887.0,23717.0,23731.0,0,0
2025-09-10 09:00:00+00:00,23731.0,23808.0,23685.5,23727.0,0,0
2025-09-10 13:00:00+00:00,23727.0,23735.0,23591.0,23616.5,0,0
2025-09-10 17:00:00+00:00,23616.5,23631.5,23585.0,23594.32,0,0
2025-09-10 21:00:00+00:00,23594.32,23649.5,23594.32,23642.0,1,0
2025-09-11 01:00:00+00:00,23642.0,23650.0,23590.0,23602.0,0,0
2025-09-11 05:00:00+00:00,23602.0,23673.5,23557.5,23610.0,0,0
2025-09-11 09:00:00+00:00,23610.0,23730.5,23601.5,23714.0,0,0
2025-09-11 13:00:00+00:00,23714.0,23791.5,23650.0,23718.0,0,0
2025-09-11 17:00:00+00:00,23718.0,23767.0,23709.0,23753.61,0,0
2025-09-11 21:00:00+00:00,23753.61,23764.92,23744.5,23753.0,0,0
2025-09-12 01:00:00+00:00,23753.0,23756.5,23706.5,23729.5,0,0
2025-09-12 05:00:00+00:00,23729.5,23797.0,23601.0,23637.5,0,0
2025-09-12 09:00:00+00:00,23637.5,23692.0,23602.0,23672.5,0,0
2025-09-12 13:00:00+00:00,23672.5,23731.0,23663.5,23724.5,0,0
2025-09-12 17:00:00+00:00,23724.5,23728.5,23693.5,23701.0,0,0
2025-09-14 21:00:00+00:00,23701.0,23728.96,23657.5,23660.5,0,0
2025-09-15 01:00:00+00:00,23660.5,23741.0,23660.5,23738.0,1,0
2025-09-15 05:00:00+00:00,23738.0,23856.5,23724.0,23786.0,0,0
2025-09-15 09:00:00+00:00,23786.0,23853.0,23732.5,23765.5,0,0
2025-09-15 13:00:00+00:00,23765.5,23777.0,23664.5,23738.5,0,0
2025-09-15 17:00:00+00:00,23738.5,23755.5,23714.5,23727.85,0,0
2025-09-15 21:00:00+00:00,23727.85,23743.0,23706.0,23712.5,0,0
2025-09-16 01:00:00+00:00,23712.5,23768.0,23706.5,23758.5,0,0
2025-09-16 05:00:00+00:00,23758.5,23789.5,23616.0,23689.5,0,0
2025-09-16 09:00:00+00:00,23689.5,23690.0,23520.5,23548.5,0,0
2025-09-16 13:00:00+00:00,23548.5,23578.5,23314.5,23381.0,0,0
2025-09-16 17:00:00+00:00,23381.0,23413.5,23365.5,23400.48,0,0
2025-09-16 21:00:00+00:00,23400.48,23409.42,23381.0,23394.5,0,0
2025-09-17 01:00:00+00:00,23394.5,23407.5,23371.0,23401.5,0,0
2025-09-17 05:00:00+00:00,23401.5,23474.0,23375.0,23422.0,0,0
2025-09-17 09:00:00+00:00,23422.0,23425.0,23282.0,23382.5,0,0
2025-09-17 13:00:00+00:00,23382.5,23452.5,23309.5,23367.5,0,0
2025-09-17 17:00:00+00:00,23367.5,23435.5,23302.5,23395.75,0,0
2025-09-17 21:00:00+00:00,23395.75,23462.5,23393.77,23457.0,0,0
2025-09-18 01:00:00+00:00,23457.0,23514.0,23452.5,23471.0,0,0
2025-09-18 05:00:00+00:00,23471.0,23684.5,23416.5,23679.0,0,0
2025-09-18 09:00:00+00:00,23679.0,23693.0,23594.0,23629.0,0,0
2025-09-18 13:00:00+00:00,23629.0,23713.5,23568.5,23713.5,0,0
2025-09-18 17:00:00+00:00,23713.5,23721.5,23672.5,23708.03,0,0
2025-09-18 21:00:00+00:00,23708.03,23736.22,23688.0,23700.0,0,0
2025-09-19 01:00:00+00:00,23700.0,23706.5,23651.5,23683.0,0,0
2025-09-19 05:00:00+00:00,23683.0,23788.5,23658.5,23713.5,0,0
2025-09-19 09:00:00+00:00,23713.5,23725.0,23595.5,23663.5,0,0
2025-09-19 13:00:00+00:00,23663.5,23706.5,23615.0,23626.5,0,0
2025-09-19 17:00:00+00:00,23626.5,23673.0,23622.5,23652.5,0,0
2025-09-21 21:00:00+00:00,23652.5,23689.5,23629.34,23653.5,0,0
2025-09-22 01:00:00+00:00,23653.5,23680.5,23642.5,23653.5,0,0
2025-09-22 05:00:00+00:00,23653.5,23661.5,23469.0,23504.5,0,0
2025-09-22 09:00:00+00:00,23504.5,23529.5,23419.5,23495.5,0,0
2025-09-22 13:00:00+00:00,23495.5,23562.5,23455.0,23562.5,0,0
2025-09-22 17:00:00+00:00,23562.5,23601.0,23561.0,23577.62,0,0
2025-09-22 21:00:00+00:00,23577.62,23594.0,23570.86,23580.0,0,0
2025-09-23 01:00:00+00:00,23580.0,23598.0,23562.5,23575.0,0,0
2025-09-23 05:00:00+00:00,23575.0,23727.5,23574.5,23712.0,0,0
2025-09-23 09:00:00+00:00,23712.0,23717.0,23560.0,23646.0,0,0
2025-09-23 13:00:00+00:00,23646.0,23688.0,23597.5,23623.5,0,0
2025-09-23 17:00:00+00:00,23623.5,23627.0,23499.0,23544.7,0,0
2025-09-23 21:00:00+00:00,23544.7,23561.19,23523.5,23540.0,0,0
2025-09-24 01:00:00+00:00,23540.0,23557.0,23529.5,23552.5,0,0
2025-09-24 05:00:00+00:00,23552.5,23627.0,23493.5,23587.5,0,0
2025-09-24 09:00:00+00:00,23587.5,23662.5,23543.5,23625.5,0,0
2025-09-24 13:00:00+00:00,23625.5,23738.5,23621.5,23672.5,0,0
2025-09-24 17:00:00+00:00,23672.5,23709.74,23648.0,23703.68,0,0
2025-09-24 21:00:00+00:00,23703.68,23725.0,23692.5,23697.5,0,0
2025-09-25 01:00:00+00:00,23697.5,23722.0,23677.0,23699.5,0,0
2025-09-25 05:00:00+00:00,23699.5,23733.5,23527.5,23536.0,0,0
2025-09-25 09:00:00+00:00,23536.0,23589.0,23376.5,23428.5,0,0
2025-09-25 13:00:00+00:00,23428.5,23575.5,23425.5,23564.0,0,0
2025-09-25 17:00:00+00:00,23564.0,23587.39,23459.5,23576.5,0,0
2025-09-25 21:00:00+00:00,23576.5,23588.5,23555.5,23582.0,0,0
2025-09-26 01:00:00+00:00,23582.0,23585.0,23534.0,23539.0,0,0
2025-09-26 05:00:00+00:00,23539.0,23689.5,23530.0,23601.5,0,0
2025-09-26 09:00:00+00:00,23601.5,23755.0,23575.0,23733.5,0,0
2025-09-26 13:00:00+00:00,23733.5,23762.5,23671.5,23747.5,0,0
2025-09-26 17:00:00+00:00,23747.5,23761.5,23722.0,23751.0,0,0
2025-09-28 21:00:00+00:00,23751.0,23831.5,23751.0,23809.5,1,0
2025-09-29 01:00:00+00:00,23809.5,23849.0,23785.0,23838.5,0,0
2025-09-29 05:00:00+00:00,23838.5,23883.0,23735.0,23799.5,0,0
2025-09-29 09:00:00+00:00,23799.5,23823.0,23678.7,23682.7,0,0
2025-09-29 13:00:00+00:00,23682.7,23792.7,23667.7,23740.7,0,0
2025-09-29 17:00:00+00:00,23740.7,23775.54,23716.7,23747.39,0,0
2025-09-29 21:00:00+00:00,23747.39,23781.2,23746.47,23766.2,0,0
2025-09-30 01:00:00+00:00,23766.2,23789.2,23743.2,23758.2,0,0
2025-09-30 05:00:00+00:00,23758.2,23780.7,23674.0,23728.0,0,0
2025-09-30 09:00:00+00:00,23728.0,23808.0,23714.0,23798.0,0,0
2025-09-30 13:00:00+00:00,23798.0,23927.5,23765.0,23886.0,0,0
2025-09-30 17:00:00+00:00,23886.0,23954.0,23870.5,23903.1,0,0
2025-09-30 21:00:00+00:00,23903.1,23943.0,23894.5,23916.5,0,0
2025-10-01 01:00:00+00:00,23916.5,23925.5,23879.0,23883.0,0,0
2025-10-01 05:00:00+00:00,23883.0,23894.0,23740.0,23867.5,0,0
2025-10-01 09:00:00+00:00,23867.5,24019.0,23859.0,23984.0,0,0
2025-10-01 13:00:00+00:00,23984.0,24193.5,23974.0,24189.0,0,0
2025-10-01 17:00:00+00:00,24189.0,24267.0,24182.0,24222.15,0,0
2025-10-01 21:00:00+00:00,24222.15,24255.0,24215.0,24247.5,0,0
2025-10-02 01:00:00+00:00,24247.5,24294.0,24240.5,24257.0,0,0
2025-10-02 05:00:00+00:00,24257.0,24450.5,24242.5,24443.0,0,0
2025-10-02 09:00:00+00:00,24443.0,24491.5,24384.0,24441.5,0,0
2025-10-02 13:00:00+00:00,24441.5,24503.0,24386.0,24463.0,0,0
2025-10-02 17:00:00+00:00,24463.0,24498.0,24453.0,24463.35,0,0
2025-10-02 21:00:00+00:00,24463.35,24516.5,24449.41,24504.5,0,0
2025-10-03 01:00:00+00:00,24504.5,24541.5,24483.5,24520.0,0,0
2025-10-03 05:00:00+00:00,24520.0,24530.0,24437.0,24450.5,0,0
2025-10-03 09:00:00+00:00,24450.5,24465.5,24351.0,24369.5,0,0
2025-10-03 13:00:00+00:00,24369.5,24405.5,24342.5,24389.0,0,0
2025-10-03 17:00:00+00:00,24389.0,24389.0,24367.5,24381.0,0,1
